workspace,path,state,category,group,verdict,todo,sha256
E:\Project\falcor\Falcor-m0,Source/Falcor/Core/API/CopyContext.cpp,present,KEEP_CORE,原生核心扩展/修复,现用能力保留；旧策略钩子按 hunk 单独清理,R4/R5/S4/V5/C2,8dfec834b4f348d184cfd27de1ffc71fa7a387d4507e055ccf0f3118f943021a
E:\Project\falcor\Falcor-m0,Source/Falcor/Core/API/FBO.cpp,present,KEEP_CORE,原生核心扩展/修复,现用能力保留；旧策略钩子按 hunk 单独清理,R4/R5/S4/V5/C2,db1739da582dbce11688c15b579aff1d81d17d6225ea389dfe933194a0cbeffe
E:\Project\falcor\Falcor-m0,Source/Falcor/Core/API/ParameterBlock.cpp,present,KEEP_CORE,原生核心扩展/修复,现用能力保留；旧策略钩子按 hunk 单独清理,R4/R5/S4/V5/C2,418c6aee827a2ec093495fd30cfa1dd6acb2a6bb370489389efc73de06c8f1ad
E:\Project\falcor\Falcor-m0,Source/Falcor/Core/API/ParameterBlock.h,present,KEEP_CORE,原生核心扩展/修复,现用能力保留；旧策略钩子按 hunk 单独清理,R4/R5/S4/V5/C2,524d73ec7ebb1bb8c8f9dac56b87a1071295e2b9674cfdf5fd85ba42a4f9721c
E:\Project\falcor\Falcor-m0,Source/Falcor/Core/API/RenderContext.cpp,present,KEEP_CORE,原生核心扩展/修复,现用能力保留；旧策略钩子按 hunk 单独清理,R4/R5/S4/V5/C2,0c7637460fcc3f5b6aa9fc139f607f54a1eed95d1abe92a1cf20017248cf5873
E:\Project\falcor\Falcor-m0,Source/Falcor/Core/API/ResourceViews.cpp,present,KEEP_CORE,原生核心扩展/修复,现用能力保留；旧策略钩子按 hunk 单独清理,R4/R5/S4/V5/C2,c80f69e2123589a0f1fc9cf73654e8e6bc647946368630227311c3a87c2bce30
E:\Project\falcor\Falcor-m0,Source/Falcor/Core/API/Texture.cpp,present,KEEP_CORE,原生核心扩展/修复,现用能力保留；旧策略钩子按 hunk 单独清理,R4/R5/S4/V5/C2,120e7fc923da85577004ad2ad20be2e0f00a2fcca888a842ab63ce522bb84154
E:\Project\falcor\Falcor-m0,Source/Falcor/Core/API/Texture.h,present,KEEP_CORE,原生核心扩展/修复,现用能力保留；旧策略钩子按 hunk 单独清理,R4/R5/S4/V5/C2,0aac23dc7f91391ca74811bb2b73e23380c599079fce412d6d65d766af8e540f
E:\Project\falcor\Falcor-m0,Source/Falcor/Core/Program/ProgramReflection.cpp,present,KEEP_CORE,原生核心扩展/修复,现用能力保留；旧策略钩子按 hunk 单独清理,R4/R5/S4/V5/C2,042a743c78e38b881b1a5133772492d724904d1d76e3091e99fdaefa4579060b
E:\Project\falcor\Falcor-m0,Source/Falcor/RenderGraph/RenderGraph.cpp,present,KEEP_CORE,原生核心扩展/修复,现用能力保留；旧策略钩子按 hunk 单独清理,R4/R5/S4/V5/C2,bdba80a7180e6919423a60bba10d721a89dd376e955547f575e8d0195a154df1
E:\Project\falcor\Falcor-m0,Source/Falcor/RenderGraph/RenderGraph.h,present,KEEP_CORE,原生核心扩展/修复,现用能力保留；旧策略钩子按 hunk 单独清理,R4/R5/S4/V5/C2,b50bb2464fd5d66f0270a7d4cdc31a52177a286276a85dd811b885964fd7a437
E:\Project\falcor\Falcor-m0,Source/Falcor/RenderGraph/RenderGraphCompiler.cpp,present,KEEP_CORE,原生核心扩展/修复,现用能力保留；旧策略钩子按 hunk 单独清理,R4/R5/S4/V5/C2,025e9b2958a61b641d152e5ebb482e9c959d741b57d1ac389b7cb22aa51be2d4
E:\Project\falcor\Falcor-m0,Source/Falcor/RenderGraph/RenderPassReflection.cpp,present,KEEP_CORE,原生核心扩展/修复,现用能力保留；旧策略钩子按 hunk 单独清理,R4/R5/S4/V5/C2,807864e503ef29371a3afb85ff83bcfb8c9a9f399a6bf9f48e18c547ca0b6bdd
E:\Project\falcor\Falcor-m0,Source/Falcor/RenderGraph/RenderPassReflection.h,present,KEEP_CORE,原生核心扩展/修复,现用能力保留；旧策略钩子按 hunk 单独清理,R4/R5/S4/V5/C2,c3ce115c53efcd60e6977b08d1a3675a043b0ce81fe8706802e91d00ae329d8b
E:\Project\falcor\Falcor-m0,Source/Falcor/RenderGraph/ResourceCache.cpp,present,KEEP_CORE,原生核心扩展/修复,现用能力保留；旧策略钩子按 hunk 单独清理,R4/R5/S4/V5/C2,1f6aa160b1457dbc7f7241fe2d7c2ecf8c98e8475ed13aea53f87920b3fa509c
E:\Project\falcor\Falcor-m0,Source/Falcor/Scene/Scene.cpp,present,KEEP_CORE,原生核心扩展/修复,现用能力保留；旧策略钩子按 hunk 单独清理,R4/R5/S4/V5/C2,ad0dbbcfb110ef4d8aead92ab23a75beb6635df12129772571fef1c39d224bf1
E:\Project\falcor\Falcor-m0,Source/Falcor/Scene/Scene.h,present,KEEP_CORE,原生核心扩展/修复,现用能力保留；旧策略钩子按 hunk 单独清理,R4/R5/S4/V5/C2,093324b504f88355f38f4ffd329c21010657f4ded62388811f608155975fb0f2
E:\Project\falcor\Falcor-m0,Source/Falcor/Scene/SceneBuilder.cpp,present,KEEP_CORE,原生核心扩展/修复,现用能力保留；旧策略钩子按 hunk 单独清理,R4/R5/S4/V5/C2,0c6ec57a9b5cfa485ac95adf9dfbe8590b07647702bfc8cb89738fa8aef9eebe
E:\Project\falcor\Falcor-m0,Source/Falcor/Scene/SceneBuilder.h,present,KEEP_CORE,原生核心扩展/修复,现用能力保留；旧策略钩子按 hunk 单独清理,R4/R5/S4/V5/C2,a2deb567294e7bacd71d65b1fec6a2b5aa1902565ae719e6943d60e0ccf4b880
E:\Project\falcor\Falcor-m0,Source/Falcor/Utils/UI/PythonUI.cpp,present,KEEP_CORE,原生核心扩展/修复,现用能力保留；旧策略钩子按 hunk 单独清理,R4/R5/S4/V5/C2,4c0b747dc7895530a289ec7edf8d0efe7bca8524346c049477002fec419ee327
E:\Project\falcor\Falcor-m0,Source/Falcor/Utils/UI/PythonUI.h,present,KEEP_CORE,原生核心扩展/修复,现用能力保留；旧策略钩子按 hunk 单独清理,R4/R5/S4/V5/C2,3540c35b95545f5271176af4ee6c95e743686791e7d3bc099bfec044829d7231
E:\Project\falcor\Falcor-m0,Source/Mogwai/Mogwai.cpp,present,KEEP_CORE,原生核心扩展/修复,现用能力保留；旧策略钩子按 hunk 单独清理,R4/R5/S4/V5/C2,7001e92a8b42c31c3667ee9177b2bdad9f9ac18f3d84c828aee1476f0b3f7624
E:\Project\falcor\Falcor-m0,Source/Mogwai/Mogwai.h,present,KEEP_CORE,原生核心扩展/修复,现用能力保留；旧策略钩子按 hunk 单独清理,R4/R5/S4/V5/C2,29e89983f9814347d60814e90cdc8e104632c43fe657cbfbf0d918b4e4229e1d
E:\Project\falcor\Falcor-m0,Source/Mogwai/MogwaiScripting.cpp,present,KEEP_CORE,原生核心扩展/修复,现用能力保留；旧策略钩子按 hunk 单独清理,R4/R5/S4/V5/C2,1d67eef0017edf9807270f9d26dd66c2a222572074e6929e3f51a13dfc826df7
E:\Project\falcor\Falcor-m0,Source/RenderPasses/CMakeLists.txt,present,KEEP_BUILD,构建集成,当前编译集合，旧运行和合同 tests 已退出,,c2e583f10c198fedfe8ef71b0423b2d5ac7b80442a76eb0db0d4ff08d93b1631
E:\Project\falcor\Falcor-m0,Source/RenderPasses/GBuffer/GBuffer/GBufferRaster.cpp,present,KEEP_CORE,原生核心扩展/修复,现用能力保留；旧策略钩子按 hunk 单独清理,R4/R5/S4/V5/C2,f10ac26c546b51c1a5b2de4bd2fe9d479395456a4427848fc6de40ea939df392
E:\Project\falcor\Falcor-m0,Source/RenderPasses/GBuffer/GBuffer/GBufferRaster.h,present,KEEP_CORE,原生核心扩展/修复,现用能力保留；旧策略钩子按 hunk 单独清理,R4/R5/S4/V5/C2,4a87328e41678678a2afc9c6fec13b84926e3c1033bdf2d7676f73dd43ac18ee
E:\Project\falcor\Falcor-m0,Source/RenderPasses/customrenderpipline/CMakeLists.txt,present,KEEP_BUILD,构建集成,当前编译集合，旧运行和合同 tests 已退出,,526ab8459790157236c0413b9546f293408baa59fe196b2b83a4ff936b4149b9
E:\Project\falcor\Falcor-m0,Source/RenderPasses/customrenderpipline/Codecs/ClearCoat.codec.json,present,REFERENCE_ABI,旧 Shader ABI/合同/研究配置,保留来源，非当前主线接口；可后续归档清理,C2,eca82c0fabdf4dd664ab6ed2b57a725fbb4a14d11b508fd39aee84231c27ad09
E:\Project\falcor\Falcor-m0,Source/RenderPasses/customrenderpipline/Codecs/ClearCoat.slangh,present,REFERENCE_ABI,旧 Shader ABI/合同/研究配置,保留来源，非当前主线接口；可后续归档清理,C2,ecb689914c1175fe18c8ac84d3de6bd7a585846f1c8e1b1f12beaaf5f1e468f9
E:\Project\falcor\Falcor-m0,Source/RenderPasses/customrenderpipline/Codecs/ClearCoatBottomNormal.codec.json,present,REFERENCE_ABI,旧 Shader ABI/合同/研究配置,保留来源，非当前主线接口；可后续归档清理,C2,415ea27b4a682cc17cfe01b53f25da9aed821854692e923a77393517af2e1deb
E:\Project\falcor\Falcor-m0,Source/RenderPasses/customrenderpipline/Codecs/Cloth.codec.json,present,REFERENCE_ABI,旧 Shader ABI/合同/研究配置,保留来源，非当前主线接口；可后续归档清理,C2,a82014d349bc72dace00b804f06388ec602f5fe87bbeb5ba4b246917c2c9f869
E:\Project\falcor\Falcor-m0,Source/RenderPasses/customrenderpipline/Codecs/Cloth.slangh,present,REFERENCE_ABI,旧 Shader ABI/合同/研究配置,保留来源，非当前主线接口；可后续归档清理,C2,0ef6d7ace12846400799de2d21813aac85283edb447fbd7c3dbad4e1b40a1644
E:\Project\falcor\Falcor-m0,Source/RenderPasses/customrenderpipline/Codecs/DefaultLit.codec.json,present,REFERENCE_ABI,旧 Shader ABI/合同/研究配置,保留来源，非当前主线接口；可后续归档清理,C2,8002f8cbdb9fcb85fd94dc894ad36d1f2c5f1e880ec9d3ac980fb98106fbdb50
E:\Project\falcor\Falcor-m0,Source/RenderPasses/customrenderpipline/Codecs/DefaultLit.slangh,present,REFERENCE_ABI,旧 Shader ABI/合同/研究配置,保留来源，非当前主线接口；可后续归档清理,C2,ef9dc3299bff52caf86d9ebb6dcab970cf13eb74c0892bd0d743a1d731c17aa7
E:\Project\falcor\Falcor-m0,Source/RenderPasses/customrenderpipline/Codecs/Exposure/ApplyExposure.slang,present,REFERENCE_ABI,旧 Shader ABI/合同/研究配置,保留来源，非当前主线接口；可后续归档清理,C2,4700e433f70a5a146f9866f5590ba5fbb7fec6495e349ef9d684c0b6eea61ea0
E:\Project\falcor\Falcor-m0,Source/RenderPasses/customrenderpipline/Codecs/Exposure/Downsample.slang,present,REFERENCE_ABI,旧 Shader ABI/合同/研究配置,保留来源，非当前主线接口；可后续归档清理,C2,fd1dbf15e409c30681db2a1dcc4ba9b4d2328b6e8a01b1b247401688574b63b7
E:\Project\falcor\Falcor-m0,Source/RenderPasses/customrenderpipline/Codecs/Exposure/ExposureCompat.slangh,present,REFERENCE_ABI,旧 Shader ABI/合同/研究配置,保留来源，非当前主线接口；可后续归档清理,C2,2314faacb07f8afc8b4c6e7787d4c5e43fca164023861641a30b26186b8c03a8
E:\Project\falcor\Falcor-m0,Source/RenderPasses/customrenderpipline/Codecs/Exposure/EyeAdaptation.slang,present,REFERENCE_ABI,旧 Shader ABI/合同/研究配置,保留来源，非当前主线接口；可后续归档清理,C2,e28ad29347c614b7658b338254e4102db0d4c98953d555d4b7745f9386218627
E:\Project\falcor\Falcor-m0,Source/RenderPasses/customrenderpipline/Codecs/Exposure/FrameExposure.slang,present,REFERENCE_ABI,旧 Shader ABI/合同/研究配置,保留来源，非当前主线接口；可后续归档清理,C2,e690caf731154eebf1ad85018a9cd4e1d45f14fd1acd11f789c431b5f641ede3
E:\Project\falcor\Falcor-m0,Source/RenderPasses/customrenderpipline/Codecs/Exposure/Histogram.slang,present,REFERENCE_ABI,旧 Shader ABI/合同/研究配置,保留来源，非当前主线接口；可后续归档清理,C2,586670f7b660dbec69b1e30fe51f82a7871cbe5ee8873081ffdfff9966a7cd0f
E:\Project\falcor\Falcor-m0,Source/RenderPasses/customrenderpipline/Codecs/Exposure/Neutral.slang,present,REFERENCE_ABI,旧 Shader ABI/合同/研究配置,保留来源，非当前主线接口；可后续归档清理,C2,817505cd044db526e542237a81d1051dc93bf09ad4b8613442c342b506dbb8a0
E:\Project\falcor\Falcor-m0,Source/RenderPasses/customrenderpipline/Codecs/Exposure/UEDownsample.ush,present,REFERENCE_ABI,旧 Shader ABI/合同/研究配置,保留来源，非当前主线接口；可后续归档清理,C2,05374c4da21e40a2fb226341cdf0de003d821704d2c912193d8eacf85ef82667
E:\Project\falcor\Falcor-m0,Source/RenderPasses/customrenderpipline/Codecs/Exposure/UEDownsamplePS.ush,present,REFERENCE_ABI,旧 Shader ABI/合同/研究配置,保留来源，非当前主线接口；可后续归档清理,C2,da8f32c4bdd6c552a64c67fbb23658ffa12a74295642aeda1d7ace5003f7ca81
E:\Project\falcor\Falcor-m0,Source/RenderPasses/customrenderpipline/Codecs/Exposure/UEEyeAdaptation.ush,present,REFERENCE_ABI,旧 Shader ABI/合同/研究配置,保留来源，非当前主线接口；可后续归档清理,C2,403a4da012e2f6fac04936319fb9cb2476c650685f7f58d714be19d37a390fa2
E:\Project\falcor\Falcor-m0,Source/RenderPasses/customrenderpipline/Codecs/Exposure/UEHistogram.usf,present,REFERENCE_ABI,旧 Shader ABI/合同/研究配置,保留来源，非当前主线接口；可后续归档清理,C2,416df3eac818086b8780ce5d9d343c313000782653ca9929e98ad02e975e281a
E:\Project\falcor\Falcor-m0,Source/RenderPasses/customrenderpipline/Codecs/Exposure/UEHistogramCommon.ush,present,REFERENCE_ABI,旧 Shader ABI/合同/研究配置,保留来源，非当前主线接口；可后续归档清理,C2,3f721a0c1df06c6a72f5cc9868664c4acc32e3032699d1cad2372b40ede28280
E:\Project\falcor\Falcor-m0,Source/RenderPasses/customrenderpipline/Codecs/Lighting/ClearCoat.lighting.json,present,REFERENCE_ABI,旧 Shader ABI/合同/研究配置,保留来源，非当前主线接口；可后续归档清理,C2,55ebf8bf174663453b8b45451fb2769b49de48c6976798b247503b432f794ba5
E:\Project\falcor\Falcor-m0,Source/RenderPasses/customrenderpipline/Codecs/Lighting/ClearCoat.slangh,present,REFERENCE_ABI,旧 Shader ABI/合同/研究配置,保留来源，非当前主线接口；可后续归档清理,C2,4367ca40675217102670ac4b1ed6d463c9a3d695df28e26bc2fb0c02cf352cab
E:\Project\falcor\Falcor-m0,Source/RenderPasses/customrenderpipline/Codecs/Lighting/Cloth.lighting.json,present,REFERENCE_ABI,旧 Shader ABI/合同/研究配置,保留来源，非当前主线接口；可后续归档清理,C2,349c566e49e0bdc9320c224d2ac116e5504ece094d2cc4a9b8784b52cd548233
E:\Project\falcor\Falcor-m0,Source/RenderPasses/customrenderpipline/Codecs/Lighting/Cloth.slangh,present,REFERENCE_ABI,旧 Shader ABI/合同/研究配置,保留来源，非当前主线接口；可后续归档清理,C2,2e7f5417023ba078cad03756213c642d336abccfdc6f2667321e6df9a5552cfd
E:\Project\falcor\Falcor-m0,Source/RenderPasses/customrenderpipline/Codecs/Lighting/DefaultLit.lighting.json,present,REFERENCE_ABI,旧 Shader ABI/合同/研究配置,保留来源，非当前主线接口；可后续归档清理,C2,9ffeb59dbe92ac501f04ccac4489701171c77de525c75e1fe430b58c537efe09
E:\Project\falcor\Falcor-m0,Source/RenderPasses/customrenderpipline/Codecs/Lighting/DefaultLit.slangh,present,REFERENCE_ABI,旧 Shader ABI/合同/研究配置,保留来源，非当前主线接口；可后续归档清理,C2,95fa47bda7871e30165074b16fbd9b033b3bb1a5bfcfeecf0939a717588b1480
E:\Project\falcor\Falcor-m0,Source/RenderPasses/customrenderpipline/Codecs/Lighting/LightTerms.slangh,present,REFERENCE_ABI,旧 Shader ABI/合同/研究配置,保留来源，非当前主线接口；可后续归档清理,C2,a70dc27b2f8f526125c5399cd78a1d6e39a7c0d5aace349e3e3d0487e589a098
E:\Project\falcor\Falcor-m0,Source/RenderPasses/customrenderpipline/Codecs/Lighting/LightingCommon.slangh,present,REFERENCE_ABI,旧 Shader ABI/合同/研究配置,保留来源，非当前主线接口；可后续归档清理,C2,1d9b4cf2c7764396bfc907c04f2db40634176c33dc9e5a9dae3e23e8b87c8887
E:\Project\falcor\Falcor-m0,Source/RenderPasses/customrenderpipline/Codecs/Lighting/PreintegratedSkin.lighting.json,present,REFERENCE_ABI,旧 Shader ABI/合同/研究配置,保留来源，非当前主线接口；可后续归档清理,C2,d99841102ede2771cac500d088222332d8714b2d359dab846e0b6d6ad495c897
E:\Project\falcor\Falcor-m0,Source/RenderPasses/customrenderpipline/Codecs/Lighting/PreintegratedSkin.slangh,present,REFERENCE_ABI,旧 Shader ABI/合同/研究配置,保留来源，非当前主线接口；可后续归档清理,C2,384d7e863c5ee81ca4640f7bb402e6376ad26999e2390360b68c38b0888d8b57
E:\Project\falcor\Falcor-m0,Source/RenderPasses/customrenderpipline/Codecs/Lighting/Subsurface.lighting.json,present,REFERENCE_ABI,旧 Shader ABI/合同/研究配置,保留来源，非当前主线接口；可后续归档清理,C2,7cb9817e9d327c616cc63f4aab4691d0ee1998293acfdd8fd730feb6a956c1b1
E:\Project\falcor\Falcor-m0,Source/RenderPasses/customrenderpipline/Codecs/Lighting/Subsurface.slangh,present,REFERENCE_ABI,旧 Shader ABI/合同/研究配置,保留来源，非当前主线接口；可后续归档清理,C2,1b754f380c9b6ae852c02d4157b3bd51f4467af85507be9e6ff3ef9bba6d05d8
E:\Project\falcor\Falcor-m0,Source/RenderPasses/customrenderpipline/Codecs/Lighting/SubsurfaceColor.slangh,present,REFERENCE_ABI,旧 Shader ABI/合同/研究配置,保留来源，非当前主线接口；可后续归档清理,C2,7a64e0f029434f4188fd17f29471cafca2205fead288b3426a7cddd09cd1a218
E:\Project\falcor\Falcor-m0,Source/RenderPasses/customrenderpipline/Codecs/Lighting/TwoSidedFoliage.lighting.json,present,REFERENCE_ABI,旧 Shader ABI/合同/研究配置,保留来源，非当前主线接口；可后续归档清理,C2,e5221808e837f571dc520d6e2eb82b51141c1efcce008abdf95f4124299aac7f
E:\Project\falcor\Falcor-m0,Source/RenderPasses/customrenderpipline/Codecs/Lighting/TwoSidedFoliage.slangh,present,REFERENCE_ABI,旧 Shader ABI/合同/研究配置,保留来源，非当前主线接口；可后续归档清理,C2,ff2a56637ca8a733f0db8151b378b6f44c8994a0fa91e8835fb694c295b098f8
E:\Project\falcor\Falcor-m0,Source/RenderPasses/customrenderpipline/Codecs/Lighting/UEBRDF.prefix.ush,present,REFERENCE_ABI,旧 Shader ABI/合同/研究配置,保留来源，非当前主线接口；可后续归档清理,C2,7ddeb1bc1a0c143f754ef7019c11ba5af0250f6ad8b7161e34ee0f9e294510f7
E:\Project\falcor\Falcor-m0,Source/RenderPasses/customrenderpipline/Codecs/Lighting/UEBRDFBxDFAdapter.slangh,present,REFERENCE_ABI,旧 Shader ABI/合同/研究配置,保留来源，非当前主线接口；可后续归档清理,C2,1667f2559a94281adc5c24a59867492a1536b5dac190765429ded02ecf0dcc77
E:\Project\falcor\Falcor-m0,Source/RenderPasses/customrenderpipline/Codecs/Lighting/UEBRDFPCCompat.slangh,present,REFERENCE_ABI,旧 Shader ABI/合同/研究配置,保留来源，非当前主线接口；可后续归档清理,C2,1193e5589557bb81631015d01bf449ddb205ad4f57985152d5f424d46873db4a
E:\Project\falcor\Falcor-m0,Source/RenderPasses/customrenderpipline/Codecs/Lighting/UEClosure.Area.ush,present,REFERENCE_ABI,旧 Shader ABI/合同/研究配置,保留来源，非当前主线接口；可后续归档清理,C2,a6b6778f441d70cec8784e103762e066c5610755b2c51c220c4b78f358ece6b0
E:\Project\falcor\Falcor-m0,Source/RenderPasses/customrenderpipline/Codecs/Lighting/UEClosure.BRDF.ush,present,REFERENCE_ABI,旧 Shader ABI/合同/研究配置,保留来源，非当前主线接口；可后续归档清理,C2,c123589ce31f4a4cff7cd92274f23d28b6e082f92e65032b224d96041a70c442
E:\Project\falcor\Falcor-m0,Source/RenderPasses/customrenderpipline/Codecs/Lighting/UEClosure.Capsule.ush,present,REFERENCE_ABI,旧 Shader ABI/合同/研究配置,保留来源，非当前主线接口；可后续归档清理,C2,707055ac0395142ca9cff7df4e183658c6db2a8830d72cd79fe4278cee8960fe
E:\Project\falcor\Falcor-m0,Source/RenderPasses/customrenderpipline/Codecs/Lighting/UEClosure.Common.ush,present,REFERENCE_ABI,旧 Shader ABI/合同/研究配置,保留来源，非当前主线接口；可后续归档清理,C2,18f56fec292c122686f8ccb72e413b6decf9024366359a8d58740254f6abc23d
E:\Project\falcor\Falcor-m0,Source/RenderPasses/customrenderpipline/Codecs/Lighting/UEClosure.CreateArea.ush,present,REFERENCE_ABI,旧 Shader ABI/合同/研究配置,保留来源，非当前主线接口；可后续归档清理,C2,d39d87adae5e8a1e861135cfcb4079d50694aad045cba950af9706dbd1ef7bca
E:\Project\falcor\Falcor-m0,Source/RenderPasses/customrenderpipline/Codecs/Lighting/UEClosure.FastMath.ush,present,REFERENCE_ABI,旧 Shader ABI/合同/研究配置,保留来源，非当前主线接口；可后续归档清理,C2,e6b484b4367cdfa4964b203bb315e40dc4f8c559406c690595d0ac0e42f9ff83
E:\Project\falcor\Falcor-m0,Source/RenderPasses/customrenderpipline/Codecs/Lighting/UEClosure.GetCapsule.ush,present,REFERENCE_ABI,旧 Shader ABI/合同/研究配置,保留来源，非当前主线接口；可后续归档清理,C2,ef3a67f37f23e248d341689b0e217ae1022578c050371a43a5d5491843508f88
E:\Project\falcor\Falcor-m0,Source/RenderPasses/customrenderpipline/Codecs/Lighting/UEClosure.LightData.ush,present,REFERENCE_ABI,旧 Shader ABI/合同/研究配置,保留来源，非当前主线接口；可后续归档清理,C2,534f08b38f48a03605b90ed015aba803ca111049401bf9d5dc667b1ddc6377fa
E:\Project\falcor\Falcor-m0,Source/RenderPasses/customrenderpipline/Codecs/Lighting/UEClosure.Platform.ush,present,REFERENCE_ABI,旧 Shader ABI/合同/研究配置,保留来源，非当前主线接口；可后续归档清理,C2,931a644bff68e0964b7fb0a0a09759832f8b820d02ea5e316ba0ccbe7a6be1de
E:\Project\falcor\Falcor-m0,Source/RenderPasses/customrenderpipline/Codecs/Lighting/UEClosure.Rect.ush,present,REFERENCE_ABI,旧 Shader ABI/合同/研究配置,保留来源，非当前主线接口；可后续归档清理,C2,97ccbfdb28981f778031b9bfec8155c466392f357330d2045d59aeaf5b187f95
E:\Project\falcor\Falcor-m0,Source/RenderPasses/customrenderpipline/Codecs/Lighting/UEClosure.ShadingModels.ush,present,REFERENCE_ABI,旧 Shader ABI/合同/研究配置,保留来源，非当前主线接口；可后续归档清理,C2,169b37b939a5da95c7a0ee285fe45afa73850cd952d639b061b13f5369184d82
E:\Project\falcor\Falcor-m0,Source/RenderPasses/customrenderpipline/Codecs/Lighting/UEClosureAdapters.slangh,present,REFERENCE_ABI,旧 Shader ABI/合同/研究配置,保留来源，非当前主线接口；可后续归档清理,C2,44cac72c49f16b9510853699c499d60982ab1ed10c8d3bd01f8a84551c190d54
E:\Project\falcor\Falcor-m0,Source/RenderPasses/customrenderpipline/Codecs/Lighting/UEClosurePCCompat.slangh,present,REFERENCE_ABI,旧 Shader ABI/合同/研究配置,保留来源，非当前主线接口；可后续归档清理,C2,c4e1782e7198c5c03f456fc3d5f0da36eb367d5e69ccd07105e31080598bf404
E:\Project\falcor\Falcor-m0,Source/RenderPasses/customrenderpipline/Codecs/Lighting/UEPow2.scalar.ush,present,REFERENCE_ABI,旧 Shader ABI/合同/研究配置,保留来源，非当前主线接口；可后续归档清理,C2,1fecb8d3b05f05cb732464d87fadcd672ffc5f6adc483e86bb710f6366f1e996
E:\Project\falcor\Falcor-m0,Source/RenderPasses/customrenderpipline/Codecs/Lighting/Unlit.lighting.json,present,REFERENCE_ABI,旧 Shader ABI/合同/研究配置,保留来源，非当前主线接口；可后续归档清理,C2,4da08f26f5ac70efd9bc8a0f7e97bdf00b87f2efa520bab489f3f4f0260f7878
E:\Project\falcor\Falcor-m0,Source/RenderPasses/customrenderpipline/Codecs/Lighting/Unlit.slangh,present,REFERENCE_ABI,旧 Shader ABI/合同/研究配置,保留来源，非当前主线接口；可后续归档清理,C2,c3c8ec02cb212a3f21fa8dffa720da29a295b2800e54e59f3cbb8a87850f95c6
E:\Project\falcor\Falcor-m0,Source/RenderPasses/customrenderpipline/Codecs/Subsurface.codec.json,present,REFERENCE_ABI,旧 Shader ABI/合同/研究配置,保留来源，非当前主线接口；可后续归档清理,C2,28d0a25f4ec4f0fff4504976dc02d02a22eefafe0e9738b1c713510fe3955023
E:\Project\falcor\Falcor-m0,Source/RenderPasses/customrenderpipline/Codecs/Subsurface.slangh,present,REFERENCE_ABI,旧 Shader ABI/合同/研究配置,保留来源，非当前主线接口；可后续归档清理,C2,19b315a2dd4733db3a17469b00bc430b232e6829780203336f00df0dce1c048b
E:\Project\falcor\Falcor-m0,Source/RenderPasses/customrenderpipline/Codecs/Surface.slangh,present,REFERENCE_ABI,旧 Shader ABI/合同/研究配置,保留来源，非当前主线接口；可后续归档清理,C2,8592dd5c26ecb19f63b82519174866822f698f9e189f80d04a829c07b53704dd
E:\Project\falcor\Falcor-m0,Source/RenderPasses/customrenderpipline/Codecs/Unlit.codec.json,present,REFERENCE_ABI,旧 Shader ABI/合同/研究配置,保留来源，非当前主线接口；可后续归档清理,C2,7c385374dff79429532f5fef713e8bb282e17c8721905de4832ccc6e54c0a87f
E:\Project\falcor\Falcor-m0,Source/RenderPasses/customrenderpipline/Codecs/Unlit.slangh,present,REFERENCE_ABI,旧 Shader ABI/合同/研究配置,保留来源，非当前主线接口；可后续归档清理,C2,701e119c400da1f32cfb0488f54e8f0cd9ba415b6f2c6739dac38ffb0dd6ab1e
E:\Project\falcor\Falcor-m0,Source/RenderPasses/customrenderpipline/CustomRenderPiplineAdapter.3d.slang,present,REFERENCE_ABI,旧 Shader ABI/合同/研究配置,保留来源，非当前主线接口；可后续归档清理,C2,68981bef47ce1d8459711619e630588a14f6cfc2e29bc7178c93369e2184c6d4
E:\Project\falcor\Falcor-m0,Source/RenderPasses/customrenderpipline/CustomRenderPiplineAdapter.cpp,present,RETIRED_SOURCE,旧运行/合同源码,停止编译，保留原字节研究材料,C2,ad4a322599a078721efb629f92cc94cee7627e18dd3a515d8c81518f34bb37d2
E:\Project\falcor\Falcor-m0,Source/RenderPasses/customrenderpipline/CustomRenderPiplineAdapter.h,present,REFERENCE_ABI,旧 Shader ABI/合同/研究配置,保留来源，非当前主线接口；可后续归档清理,C2,f7b8a77734a0ece77b45fff668a32c40880ca5ff6d85a6cfd24c55aba25d39b3
E:\Project\falcor\Falcor-m0,Source/RenderPasses/customrenderpipline/CustomRenderPiplineAssetPass.cpp,present,KEEP_NATIVE,通用原生插件,现用，非旧 Config/UE ABI 依赖,R4/Q1,0a6c6cd73262e6f714fbbe14a0a69e69db3fe26687c27e8d9b28749f53c4842a
E:\Project\falcor\Falcor-m0,Source/RenderPasses/customrenderpipline/CustomRenderPiplineAssetPass.h,present,KEEP_NATIVE,通用原生插件,现用，非旧 Config/UE ABI 依赖,R4/Q1,62c8893b50625b4e8bde0a5a6fb1b4f3930100011260f9591f83f60704bcfd3c
E:\Project\falcor\Falcor-m0,Source/RenderPasses/customrenderpipline/CustomRenderPiplineConfig.cpp,present,RETIRED_SOURCE,旧运行/合同源码,停止编译，保留原字节研究材料,C2,06370330df76eefe3aa2ecc04963e55aa59aa4c7f7a8355054ad4d3f36c5d176
E:\Project\falcor\Falcor-m0,Source/RenderPasses/customrenderpipline/CustomRenderPiplineConfig.h,present,REFERENCE_ABI,旧 Shader ABI/合同/研究配置,保留来源，非当前主线接口；可后续归档清理,C2,d4f77a4d86e7f23d189dc6fe15a1e874096226542c5abcba01b4d45520bd5b98
E:\Project\falcor\Falcor-m0,Source/RenderPasses/customrenderpipline/CustomRenderPiplineContentHash.h,present,KEEP_NATIVE,通用原生插件,现用，非旧 Config/UE ABI 依赖,R4/Q1,d64d93dfea9d77923abef5df2dda342591d9364d40b8d7f1b495bceccd9f090c
E:\Project\falcor\Falcor-m0,Source/RenderPasses/customrenderpipline/CustomRenderPiplineDecode.cs.slang,present,REFERENCE_ABI,旧 Shader ABI/合同/研究配置,保留来源，非当前主线接口；可后续归档清理,C2,c57db787081f41c68ac17c675b852bc3152d794705c1725d97a501be822b63e4
E:\Project\falcor\Falcor-m0,Source/RenderPasses/customrenderpipline/CustomRenderPiplineFrameExposure.h,present,REFERENCE_ABI,旧 Shader ABI/合同/研究配置,保留来源，非当前主线接口；可后续归档清理,C2,6d9592fed07a118b32d53d28c4350dacbfa5e9db8bcbb4efec161ab26dab675b
E:\Project\falcor\Falcor-m0,Source/RenderPasses/customrenderpipline/CustomRenderPiplineFrameExposure.slangh,present,REFERENCE_ABI,旧 Shader ABI/合同/研究配置,保留来源，非当前主线接口；可后续归档清理,C2,bd472bd1740064ea59f629134fefebb7c493a12449b36171b3ca867d283d83f7
E:\Project\falcor\Falcor-m0,Source/RenderPasses/customrenderpipline/CustomRenderPiplineFrameReadback.cpp,present,RETIRED_SOURCE,旧运行/合同源码,停止编译，保留原字节研究材料,C2,fa568e75741c8db4dcdad03c12f4a7961a14139fb7f1928851f4cb8b5f1f4191
E:\Project\falcor\Falcor-m0,Source/RenderPasses/customrenderpipline/CustomRenderPiplineFrameReadback.h,present,REFERENCE_ABI,旧 Shader ABI/合同/研究配置,保留来源，非当前主线接口；可后续归档清理,C2,fdc638b24062bb4018c5fd03250ea2e2788d4401dfc49a2569cc99ad5b261479
E:\Project\falcor\Falcor-m0,Source/RenderPasses/customrenderpipline/CustomRenderPiplineGeometry.cpp,present,RETIRED_SOURCE,旧运行/合同源码,停止编译，保留原字节研究材料,C2,0a648bed1f9e4a1704a3584b6c19d20befaa5494442a52967a6e3e7d9550b3cd
E:\Project\falcor\Falcor-m0,Source/RenderPasses/customrenderpipline/CustomRenderPiplineGeometry.h,present,REFERENCE_ABI,旧 Shader ABI/合同/研究配置,保留来源，非当前主线接口；可后续归档清理,C2,f1dc307f6d8290aa4de2fa2310544ad92e234f368671a1378b5fe58be52efc5a
E:\Project\falcor\Falcor-m0,Source/RenderPasses/customrenderpipline/CustomRenderPiplineGeometry.slangh,present,REFERENCE_ABI,旧 Shader ABI/合同/研究配置,保留来源，非当前主线接口；可后续归档清理,C2,a594ed34ebcffd6fae24602b8f09eaca754d15ee8804f24c611ef881e738acfa
E:\Project\falcor\Falcor-m0,Source/RenderPasses/customrenderpipline/CustomRenderPiplineGraphContract.h,present,REFERENCE_ABI,旧 Shader ABI/合同/研究配置,保留来源，非当前主线接口；可后续归档清理,C2,2f1d7c3293b43aca52cbbd9de68a1ffb6393fd619bce932db28e4b84157305e5
E:\Project\falcor\Falcor-m0,Source/RenderPasses/customrenderpipline/CustomRenderPiplineGraphInputs.h,present,REFERENCE_ABI,旧 Shader ABI/合同/研究配置,保留来源，非当前主线接口；可后续归档清理,C2,8176e8d10010bc0b6f671cb785ba2a37252bd4e0e8a5ed3e894a40da79335d09
E:\Project\falcor\Falcor-m0,Source/RenderPasses/customrenderpipline/CustomRenderPiplineHistoryPass.cpp,present,KEEP_NATIVE,通用原生插件,现用，非旧 Config/UE ABI 依赖,R4/Q1,eb2c1a39bd249e648457ba4dcd1c3eb649eca6f7cdbfb8a9c89c56ca2eb1cc55
E:\Project\falcor\Falcor-m0,Source/RenderPasses/customrenderpipline/CustomRenderPiplineHistoryPass.h,present,KEEP_NATIVE,通用原生插件,现用，非旧 Config/UE ABI 依赖,R4/Q1,cad94b29e14a9b607f6b961106054fe2ae76ea3ee2220066f47c8f3da8801931
E:\Project\falcor\Falcor-m0,Source/RenderPasses/customrenderpipline/CustomRenderPiplineMaterial.slangh,present,REFERENCE_ABI,旧 Shader ABI/合同/研究配置,保留来源，非当前主线接口；可后续归档清理,C2,e047eb165a613594622051f8874d500c371a60b43434b563dbbde62e849af7e0
E:\Project\falcor\Falcor-m0,Source/RenderPasses/customrenderpipline/CustomRenderPiplineMaterialBindings.h,present,REFERENCE_ABI,旧 Shader ABI/合同/研究配置,保留来源，非当前主线接口；可后续归档清理,C2,23e4348af93c376b0fc2bca994d1cefeb79b8bd344fb0437fa39625234822d89
E:\Project\falcor\Falcor-m0,Source/RenderPasses/customrenderpipline/CustomRenderPiplineMeshCompatibility.h,present,CLEANUP_HOOK,无注册 compatibility 抽象,残留抽象可清理；无旧 factory,C2,ce7162695fde0b215b1eee1c74a31c3e2e249f01f23ec4f2878e2d921d11f508
E:\Project\falcor\Falcor-m0,Source/RenderPasses/customrenderpipline/CustomRenderPiplineMeshDrawPass.cpp,present,KEEP_NATIVE,通用原生插件,现用，非旧 Config/UE ABI 依赖,R4/Q1,361ac351b5d5a155b3f57c0b59ea3c6f224f0d09d307bdadcdb0dd32da448e40
E:\Project\falcor\Falcor-m0,Source/RenderPasses/customrenderpipline/CustomRenderPiplineMeshDrawPass.h,present,KEEP_NATIVE,通用原生插件,现用，非旧 Config/UE ABI 依赖,R4/Q1,fd55606d49109849bd07b434c9bd0ae9b2301ee6b7ac6c2a9177ad153ec46319
E:\Project\falcor\Falcor-m0,Source/RenderPasses/customrenderpipline/CustomRenderPiplineNativeGBuffer.cpp,present,KEEP_NATIVE,通用原生插件,现用，非旧 Config/UE ABI 依赖,R4/Q1,1c0d47d1cb1409453d8bf3335a573afa65428f3cbac8b25a37f6798e7b262cc9
E:\Project\falcor\Falcor-m0,Source/RenderPasses/customrenderpipline/CustomRenderPiplineNativeGBuffer.h,present,KEEP_NATIVE,通用原生插件,现用，非旧 Config/UE ABI 依赖,R4/Q1,7121bd0607296eb9024e76dee13a1ec1f046d062c8b4412f494e673ca6ad7f11
E:\Project\falcor\Falcor-m0,Source/RenderPasses/customrenderpipline/CustomRenderPiplineObserver.cpp,present,KEEP_NATIVE,通用原生插件,现用，非旧 Config/UE ABI 依赖,R4/Q1,90240e18e6d68982653d595d36a9e485c9caf589de221d811a4f931699627db6
E:\Project\falcor\Falcor-m0,Source/RenderPasses/customrenderpipline/CustomRenderPiplineObserver.h,present,KEEP_NATIVE,通用原生插件,现用，非旧 Config/UE ABI 依赖,R4/Q1,92f2aa0118e6640fe637d3aaa4a21f4211bd50c6906145153d23c5bf057dff2b
E:\Project\falcor\Falcor-m0,Source/RenderPasses/customrenderpipline/CustomRenderPiplinePassDescription.cpp,present,KEEP_NATIVE,通用原生插件,现用，非旧 Config/UE ABI 依赖,R4/Q1,b5ed4d6345730e1e2a63820dd1f5a98acc75a407e126e69ef9d7970c7ce542e9
E:\Project\falcor\Falcor-m0,Source/RenderPasses/customrenderpipline/CustomRenderPiplinePassDescription.h,present,KEEP_NATIVE,通用原生插件,现用，非旧 Config/UE ABI 依赖,R4/Q1,9480ba210061156bdb638daa81949034f72dfd36bf88486efd2f2c40cdc8522d
E:\Project\falcor\Falcor-m0,Source/RenderPasses/customrenderpipline/CustomRenderPiplinePasses.cpp,present,RETIRED_SOURCE,旧运行/合同源码,停止编译，保留原字节研究材料,C2,09c0d147dda4d8dd3ed144795f234672e6304f0e8ce7a9a9379b1963a9be9a8d
E:\Project\falcor\Falcor-m0,Source/RenderPasses/customrenderpipline/CustomRenderPiplinePasses.h,present,REFERENCE_ABI,旧 Shader ABI/合同/研究配置,保留来源，非当前主线接口；可后续归档清理,C2,d50ccdca5b83428133e337a29cdf271e6a6a5a37b7038b0cf5dc0052b9ad28e1
E:\Project\falcor\Falcor-m0,Source/RenderPasses/customrenderpipline/CustomRenderPiplinePlugin.cpp,present,KEEP_NATIVE,通用原生插件,现用，非旧 Config/UE ABI 依赖,R4/Q1,e4f60ae091e72d20fe31afe28d7649cb316addbe751fc74602f49f28b65a2103
E:\Project\falcor\Falcor-m0,Source/RenderPasses/customrenderpipline/CustomRenderPiplineRTVProbe.h,present,KEEP_NATIVE,通用原生插件,现用，非旧 Config/UE ABI 依赖,R4/Q1,c6ccceb385dcda1c630b7649c5db96edda275c06daad67c1fcec12fb244417fb
E:\Project\falcor\Falcor-m0,Source/RenderPasses/customrenderpipline/CustomRenderPiplineRaster.3d.slang,present,REFERENCE_ABI,旧 Shader ABI/合同/研究配置,保留来源，非当前主线接口；可后续归档清理,C2,d6f1768489e6dd0a141c0fa792d8cf567728baf54652930670dbd9df2ff01d67
E:\Project\falcor\Falcor-m0,Source/RenderPasses/customrenderpipline/CustomRenderPiplineReadback.h,present,KEEP_NATIVE,通用原生插件,现用，非旧 Config/UE ABI 依赖,R4/Q1,4dcb59c20a713f1a511be25a970900ad25a489942d809e55f852af482f903cd7
E:\Project\falcor\Falcor-m0,Source/RenderPasses/customrenderpipline/CustomRenderPiplineRouting.cpp,present,RETIRED_SOURCE,旧运行/合同源码,停止编译，保留原字节研究材料,C2,f033caf17b9cf25596c1f2df707008c1eeb6bc2ab335e1dc716a2da154ac1b0c
E:\Project\falcor\Falcor-m0,Source/RenderPasses/customrenderpipline/CustomRenderPiplineRouting.h,present,REFERENCE_ABI,旧 Shader ABI/合同/研究配置,保留来源，非当前主线接口；可后续归档清理,C2,0166ac92eabb126dc89b036be5c51e5cdbd15bbef4bd946dc0903b955eb22258
E:\Project\falcor\Falcor-m0,Source/RenderPasses/customrenderpipline/CustomRenderPiplineSceneIdentity.cpp,present,RETIRED_SOURCE,旧运行/合同源码,停止编译，保留原字节研究材料,C2,3d4f52f8442a041272184e283bbafc2f05e1d9c4ada1d0d78035708e12a1dd7e
E:\Project\falcor\Falcor-m0,Source/RenderPasses/customrenderpipline/CustomRenderPiplineSceneIdentity.h,present,REFERENCE_ABI,旧 Shader ABI/合同/研究配置,保留来源，非当前主线接口；可后续归档清理,C2,3b6be67b362fd54f10d92305e4c2c4c0bbb54a1ec197f41af9555b923025ea57
E:\Project\falcor\Falcor-m0,Source/RenderPasses/customrenderpipline/CustomRenderPiplineShaderBindings.h,present,KEEP_NATIVE,通用原生插件,现用，非旧 Config/UE ABI 依赖,R4/Q1,54e86f2d36a66a877f66caafacc14cefe8dd54c52e0a18e3dd9c1d8457111b88
E:\Project\falcor\Falcor-m0,Source/RenderPasses/customrenderpipline/CustomRenderPiplineShaderPass.cpp,present,KEEP_NATIVE,通用原生插件,现用，非旧 Config/UE ABI 依赖,R4/Q1,952eb0950e1c9291f2d44a37f46654e9310fa705e98ba7ff863799a494a97ff9
E:\Project\falcor\Falcor-m0,Source/RenderPasses/customrenderpipline/CustomRenderPiplineShaderPass.h,present,KEEP_NATIVE,通用原生插件,现用，非旧 Config/UE ABI 依赖,R4/Q1,0b7626fe43951ccfd50559d1a5b9e2cb10437960e4fac64d04578c57464a960b
E:\Project\falcor\Falcor-m0,Source/RenderPasses/customrenderpipline/CustomRenderPiplineTextureSubresources.h,present,KEEP_NATIVE,通用原生插件,现用，非旧 Config/UE ABI 依赖,R4/Q1,650f9543e5a6e46bf654c22cf291472684a988885de334e35a7384dfc1a3fcb4
E:\Project\falcor\Falcor-m0,Source/RenderPasses/customrenderpipline/CustomRenderPiplineView.slangh,present,REFERENCE_ABI,旧 Shader ABI/合同/研究配置,保留来源，非当前主线接口；可后续归档清理,C2,46cff18ef70c901105ae2352f5b23c2d378e27a83b88c2cc6d6dcc20cdd3aa20
E:\Project\falcor\Falcor-m0,Source/RenderPasses/customrenderpipline/Extensions/UEReference/Atmosphere/AtmosphereLuts.slang,present,REFERENCE,UE 算法/来源/未编译扩展,保留研究价值；旧注册关闭，不能当有效运行入口,A1.3b/C2,b0c81fb5fa7012991bbb5d9940ae70bfba52fbd05aea56dfd72419d3bd4705ed
E:\Project\falcor\Falcor-m0,Source/RenderPasses/customrenderpipline/Extensions/UEReference/Atmosphere/AtmosphereParameters.slang,present,REFERENCE,UE 算法/来源/未编译扩展,保留研究价值；旧注册关闭，不能当有效运行入口,A1.3b/C2,ccf8f513e9063b866d5c1f50936c3e84900fb9f444b5e7115cc1295ddee1b9b2
E:\Project\falcor\Falcor-m0,Source/RenderPasses/customrenderpipline/Extensions/UEReference/Atmosphere/AtmosphereProbe.slang,present,REFERENCE,UE 算法/来源/未编译扩展,保留研究价值；旧注册关闭，不能当有效运行入口,A1.3b/C2,6825f5ef89a6fc70fa007a536774ae5905a127e11df3dedfa4dadf47c5e76942
E:\Project\falcor\Falcor-m0,Source/RenderPasses/customrenderpipline/Extensions/UEReference/Atmosphere/SkyLight/CaptureInit.slang,present,REFERENCE,UE 算法/来源/未编译扩展,保留研究价值；旧注册关闭，不能当有效运行入口,A1.3b/C2,dd3994b80bde71202f1bb710737fda22e3c7d9fa88c6a7aa4f43005f19b87d4d
E:\Project\falcor\Falcor-m0,Source/RenderPasses/customrenderpipline/Extensions/UEReference/Atmosphere/SkyLight/CubeCommon.slangh,present,REFERENCE,UE 算法/来源/未编译扩展,保留研究价值；旧注册关闭，不能当有效运行入口,A1.3b/C2,4afbc492e76b634213227923665a87e39ac2d02f1615ab376f6de47c1d2c5b53
E:\Project\falcor\Falcor-m0,Source/RenderPasses/customrenderpipline/Extensions/UEReference/Atmosphere/SkyLight/CubeDirections.slangh,present,REFERENCE,UE 算法/来源/未编译扩展,保留研究价值；旧注册关闭，不能当有效运行入口,A1.3b/C2,7b14849ba46aafa5c42e4c26b0df8c7bb990bedbbc03191c2ea19b12da9bf11f
E:\Project\falcor\Falcor-m0,Source/RenderPasses/customrenderpipline/Extensions/UEReference/Atmosphere/SkyLight/DiffuseSH.slang,present,REFERENCE,UE 算法/来源/未编译扩展,保留研究价值；旧注册关闭，不能当有效运行入口,A1.3b/C2,4eac4778319624c814ea48ff19a8c65114e2f29929666fa6becc1f4bef882a1b
E:\Project\falcor\Falcor-m0,Source/RenderPasses/customrenderpipline/Extensions/UEReference/Atmosphere/SkyLight/DiffuseSHOriginal.slangh,present,REFERENCE,UE 算法/来源/未编译扩展,保留研究价值；旧注册关闭，不能当有效运行入口,A1.3b/C2,1d72f208484ad40933934f93d6cb9ee45ff603480971f001fa217109f070ea18
E:\Project\falcor\Falcor-m0,Source/RenderPasses/customrenderpipline/Extensions/UEReference/Atmosphere/SkyLight/Downsample.slang,present,REFERENCE,UE 算法/来源/未编译扩展,保留研究价值；旧注册关闭，不能当有效运行入口,A1.3b/C2,3d5267301b2eacead1aa612f0d905cc4704413c249bc4de6ed2fc26e9506a316
E:\Project\falcor\Falcor-m0,Source/RenderPasses/customrenderpipline/Extensions/UEReference/Atmosphere/SkyLight/Filter.slang,present,REFERENCE,UE 算法/来源/未编译扩展,保留研究价值；旧注册关闭，不能当有效运行入口,A1.3b/C2,a0876066c0ad4073a97735c9925a34563882e3957c67c88d2af768959dc43453
E:\Project\falcor\Falcor-m0,Source/RenderPasses/customrenderpipline/Extensions/UEReference/Atmosphere/SkyLight/Fixture.slang,present,REFERENCE,UE 算法/来源/未编译扩展,保留研究价值；旧注册关闭，不能当有效运行入口,A1.3b/C2,5b85d430e765a89cd66d250301bb616444eda8adc988cbea75321c340ae099bf
E:\Project\falcor\Falcor-m0,Source/RenderPasses/customrenderpipline/Extensions/UEReference/Atmosphere/SkyLight/Helpers.slangh,present,REFERENCE,UE 算法/来源/未编译扩展,保留研究价值；旧注册关闭，不能当有效运行入口,A1.3b/C2,70347d90564575210374dfd429dde8edeef4fc4ab000edefffafeb9d4dc5adce
E:\Project\falcor\Falcor-m0,Source/RenderPasses/customrenderpipline/Extensions/UEReference/Atmosphere/SkyLight/Lighting.slang,present,REFERENCE,UE 算法/来源/未编译扩展,保留研究价值；旧注册关闭，不能当有效运行入口,A1.3b/C2,02bc2e32a7bd477ed3d909dc6c57175b70c77a65433744a8e1a7498877123298
E:\Project\falcor\Falcor-m0,Source/RenderPasses/customrenderpipline/Extensions/UEReference/Atmosphere/SkyLight/LightingDiffuseSelected.ush,present,REFERENCE,UE 算法/来源/未编译扩展,保留研究价值；旧注册关闭，不能当有效运行入口,A1.3b/C2,fc44ba4ba779fe101b61d834c6a5fe4e9aa2469015c41f76bebc7ab16d74984b
E:\Project\falcor\Falcor-m0,Source/RenderPasses/customrenderpipline/Extensions/UEReference/Atmosphere/SkyLight/LightingHelpersOriginal.slangh,present,REFERENCE,UE 算法/来源/未编译扩展,保留研究价值；旧注册关闭，不能当有效运行入口,A1.3b/C2,e92c7210d9bf6091cf72eaf62c4b3eeaf3bbcfea89e20967a9b3e340fb957998
E:\Project\falcor\Falcor-m0,Source/RenderPasses/customrenderpipline/Extensions/UEReference/Atmosphere/SkyLight/LightingSource.json,present,REFERENCE,UE 算法/来源/未编译扩展,保留研究价值；旧注册关闭，不能当有效运行入口,A1.3b/C2,06ff8bc33952dd5207f39ab046d9fc3d31bf974c23f5e50262361b1315c5cb3d
E:\Project\falcor\Falcor-m0,Source/RenderPasses/customrenderpipline/Extensions/UEReference/Atmosphere/SkyLight/Platform.slangh,present,REFERENCE,UE 算法/来源/未编译扩展,保留研究价值；旧注册关闭，不能当有效运行入口,A1.3b/C2,82a3c597018a5f95e2884cb6f1146ada7bd005bf0906471fd70ae3a84769daf6
E:\Project\falcor\Falcor-m0,Source/RenderPasses/customrenderpipline/Extensions/UEReference/Atmosphere/SkyLight/PreintegratedGF.slang,present,REFERENCE,UE 算法/来源/未编译扩展,保留研究价值；旧注册关闭，不能当有效运行入口,A1.3b/C2,2a286a35fcc078bb531393f30985c71b2efab7a22582031e887d677f80b32572
E:\Project\falcor\Falcor-m0,Source/RenderPasses/customrenderpipline/Extensions/UEReference/Atmosphere/SkyLight/PreintegratedGFCPUOriginal.inl,present,REFERENCE,UE 算法/来源/未编译扩展,保留研究价值；旧注册关闭，不能当有效运行入口,A1.3b/C2,642dc8df5042b8d914a076076b63b7b01cedd00d6671b582f0b2731f67a44ab7
E:\Project\falcor\Falcor-m0,Source/RenderPasses/customrenderpipline/Extensions/UEReference/Atmosphere/SkyLight/PreintegratedGFPrecisionProbe.slang,present,REFERENCE,UE 算法/来源/未编译扩展,保留研究价值；旧注册关闭，不能当有效运行入口,A1.3b/C2,8d45729fa00f480b6dadda94166d206c93f67df29646f33b2465ed2db3ceaabe
E:\Project\falcor\Falcor-m0,Source/RenderPasses/customrenderpipline/Extensions/UEReference/Atmosphere/SkyLight/PreintegratedGFSource.json,present,REFERENCE,UE 算法/来源/未编译扩展,保留研究价值；旧注册关闭，不能当有效运行入口,A1.3b/C2,0eb0201dbcf4dcc590059882d9ae6abb7ec590c3f7fbeb8fa4a0bc1bdd2161aa
E:\Project\falcor\Falcor-m0,Source/RenderPasses/customrenderpipline/Extensions/UEReference/Atmosphere/SkyLight/PreintegratedGFSourceMath.slangh,present,REFERENCE,UE 算法/来源/未编译扩展,保留研究价值；旧注册关闭，不能当有效运行入口,A1.3b/C2,f64859430cda87d2969b2b71d087139af617f0731fb50c708298d08cd908e348
E:\Project\falcor\Falcor-m0,Source/RenderPasses/customrenderpipline/Extensions/UEReference/Atmosphere/SkyLight/PreintegratedGFSourceNotice.txt,present,REFERENCE,UE 算法/来源/未编译扩展,保留研究价值；旧注册关闭，不能当有效运行入口,A1.3b/C2,be58ec8ef1289e452c4ae15db750b7fe35395b38f45321d2e5cd274351c3f6aa
E:\Project\falcor\Falcor-m0,Source/RenderPasses/customrenderpipline/Extensions/UEReference/Atmosphere/SkyLight/Readback.slang,present,REFERENCE,UE 算法/来源/未编译扩展,保留研究价值；旧注册关闭，不能当有效运行入口,A1.3b/C2,47e00ecb654cdacb5fc74e9bdb0d480fdd0765c6ff379998d45422183d33f940
E:\Project\falcor\Falcor-m0,Source/RenderPasses/customrenderpipline/Extensions/UEReference/Atmosphere/SkyViewLut.slang,present,REFERENCE,UE 算法/来源/未编译扩展,保留研究价值；旧注册关闭，不能当有效运行入口,A1.3b/C2,d832b0a9ed4e63d50a6e8d759469b1fda3d0c2e095d3c5904c765726fab02434
E:\Project\falcor\Falcor-m0,Source/RenderPasses/customrenderpipline/Extensions/UEReference/Atmosphere/UEAtmosphereCommon.ush,present,REFERENCE,UE 算法/来源/未编译扩展,保留研究价值；旧注册关闭，不能当有效运行入口,A1.3b/C2,57fe84520bc99ed04c9d4b0c8e6598e4e9c5c649845dfea033a33200b806d2c6
E:\Project\falcor\Falcor-m0,Source/RenderPasses/customrenderpipline/Extensions/UEReference/Atmosphere/UEAtmosphereIntegration.ush,present,REFERENCE,UE 算法/来源/未编译扩展,保留研究价值；旧注册关闭，不能当有效运行入口,A1.3b/C2,38c3db0c159ee299e5b66dfd3d785eba014b88901bc802bcec1ccc6b1d596f6d
E:\Project\falcor\Falcor-m0,Source/RenderPasses/customrenderpipline/Extensions/UEReference/Atmosphere/UEAtmosphereSource.json,present,REFERENCE,UE 算法/来源/未编译扩展,保留研究价值；旧注册关闭，不能当有效运行入口,A1.3b/C2,910e71915811bb9aa318551c6a0bd509eb502dfbdb2f3c22fe7afc5f33a97032
E:\Project\falcor\Falcor-m0,Source/RenderPasses/customrenderpipline/Extensions/UEReference/Atmosphere/UEMultiScattering.ush,present,REFERENCE,UE 算法/来源/未编译扩展,保留研究价值；旧注册关闭，不能当有效运行入口,A1.3b/C2,ff4b47f8985a3a111f3d2e0a1bd56be3fd1e7e7c22f02549b1c8cfe13bceebb9
E:\Project\falcor\Falcor-m0,Source/RenderPasses/customrenderpipline/Extensions/UEReference/Atmosphere/UESRGBToLinearTable.json,present,REFERENCE,UE 算法/来源/未编译扩展,保留研究价值；旧注册关闭，不能当有效运行入口,A1.3b/C2,6b072cb2150ade9c1b50145a209658be15e74fb7d00cacba6b89d947361fa744
E:\Project\falcor\Falcor-m0,Source/RenderPasses/customrenderpipline/Extensions/UEReference/Atmosphere/UESkyLightCompilerOriginal.inl,present,REFERENCE,UE 算法/来源/未编译扩展,保留研究价值；旧注册关闭，不能当有效运行入口,A1.3b/C2,bdfb334cc375c9eef2a0bd416167ea0013fc49e5d108b4bc03f55fea15bd9d11
E:\Project\falcor\Falcor-m0,Source/RenderPasses/customrenderpipline/Extensions/UEReference/Atmosphere/UESkyLightCubeCommon.ush,present,REFERENCE,UE 算法/来源/未编译扩展,保留研究价值；旧注册关闭，不能当有效运行入口,A1.3b/C2,e3dd6d99ce51d23fbad009cdb358aaa09515e08612fe0c1d88447a4cfb01ec1c
E:\Project\falcor\Falcor-m0,Source/RenderPasses/customrenderpipline/Extensions/UEReference/Atmosphere/UESkyLightDiffuseSH.ush,present,REFERENCE,UE 算法/来源/未编译扩展,保留研究价值；旧注册关闭，不能当有效运行入口,A1.3b/C2,70437ba7c8e1417cadbe3c324503c5598b5b6b157ba043f3ebe113f8f3c7f314
E:\Project\falcor\Falcor-m0,Source/RenderPasses/customrenderpipline/Extensions/UEReference/Atmosphere/UESkyLightDownsample.ush,present,REFERENCE,UE 算法/来源/未编译扩展,保留研究价值；旧注册关闭，不能当有效运行入口,A1.3b/C2,8fd8aec5a231f6b0c2bcfdadff0ae6cb182a242d6f969fa99805eb7d47e953c3
E:\Project\falcor\Falcor-m0,Source/RenderPasses/customrenderpipline/Extensions/UEReference/Atmosphere/UESkyLightFilter.ush,present,REFERENCE,UE 算法/来源/未编译扩展,保留研究价值；旧注册关闭，不能当有效运行入口,A1.3b/C2,3a8bf79f2c61aeebacf627c0c3ce67db1d2335e26ee1f4f68e8f3a69b85ab8ea
E:\Project\falcor\Falcor-m0,Source/RenderPasses/customrenderpipline/Extensions/UEReference/Atmosphere/UESkyLightHelpers.ush,present,REFERENCE,UE 算法/来源/未编译扩展,保留研究价值；旧注册关闭，不能当有效运行入口,A1.3b/C2,703844b99a3c580ab7a5a749154cb11e4b874688277bd4553aeee55215df50cd
E:\Project\falcor\Falcor-m0,Source/RenderPasses/customrenderpipline/Extensions/UEReference/Atmosphere/UESkyLightNativeSetupOriginal.inl,present,REFERENCE,UE 算法/来源/未编译扩展,保留研究价值；旧注册关闭，不能当有效运行入口,A1.3b/C2,6d67a833ad1515ab8da557237321c80cc2eb62c0f401911d811f61baca452bd8
E:\Project\falcor\Falcor-m0,Source/RenderPasses/customrenderpipline/Extensions/UEReference/Atmosphere/UESkyLightPlatformOriginal.ush,present,REFERENCE,UE 算法/来源/未编译扩展,保留研究价值；旧注册关闭，不能当有效运行入口,A1.3b/C2,ed1a0801aaa00fd946d22f4dc7b2743b9dfd7358a03ad5de91b3b7f029a184fa
E:\Project\falcor\Falcor-m0,Source/RenderPasses/customrenderpipline/Extensions/UEReference/Atmosphere/UESkyLightSource.json,present,REFERENCE,UE 算法/来源/未编译扩展,保留研究价值；旧注册关闭，不能当有效运行入口,A1.3b/C2,ad9e873fd9f8335dd8d8aada4a6eac03b5916f7d1677db9366b2a711c0cc348c
E:\Project\falcor\Falcor-m0,Source/RenderPasses/customrenderpipline/Extensions/UEReference/Atmosphere/UESkyLightSourceNotice.txt,present,REFERENCE,UE 算法/来源/未编译扩展,保留研究价值；旧注册关闭，不能当有效运行入口,A1.3b/C2,b03859351101b7ef0354bf7cf7578fb023a5c54edd28e98c4c7fc6e011b273e0
E:\Project\falcor\Falcor-m0,Source/RenderPasses/customrenderpipline/Extensions/UEReference/Atmosphere/UESkyMaterialHelpers.ush,present,REFERENCE,UE 算法/来源/未编译扩展,保留研究价值；旧注册关闭，不能当有效运行入口,A1.3b/C2,6ee88d5e6f5cfcab66c13671cb0ff9a60a6d16df91959a8e52dbee330d0278f6
E:\Project\falcor\Falcor-m0,Source/RenderPasses/customrenderpipline/Extensions/UEReference/Atmosphere/UESkyMaterialOriginal.ush,present,REFERENCE,UE 算法/来源/未编译扩展,保留研究价值；旧注册关闭，不能当有效运行入口,A1.3b/C2,9e114ce5c2b011b54819824468aba8fd2e6d0a55d733fa6ffadf446d74946a03
E:\Project\falcor\Falcor-m0,Source/RenderPasses/customrenderpipline/Extensions/UEReference/Atmosphere/UESkyMaterialPerspective.ush,present,REFERENCE,UE 算法/来源/未编译扩展,保留研究价值；旧注册关闭，不能当有效运行入口,A1.3b/C2,59e857c3e0e65a505ec1a77222b20d0c0a10ea0add1d344ed1c3bbd60913e007
E:\Project\falcor\Falcor-m0,Source/RenderPasses/customrenderpipline/Extensions/UEReference/Atmosphere/UESkyMaterialQuantizationOriginal.inl,present,REFERENCE,UE 算法/来源/未编译扩展,保留研究价值；旧注册关闭，不能当有效运行入口,A1.3b/C2,6b4809c747d4720d242a4f780b7e4711faa4e8cbf15b80a8aab7af34f777b097
E:\Project\falcor\Falcor-m0,Source/RenderPasses/customrenderpipline/Extensions/UEReference/Atmosphere/UESkyMaterialSource.json,present,REFERENCE,UE 算法/来源/未编译扩展,保留研究价值；旧注册关闭，不能当有效运行入口,A1.3b/C2,bda6b9aee07ef00cd6460cbc1eae32812a366e7b731540f883e4fcd25a641607
E:\Project\falcor\Falcor-m0,Source/RenderPasses/customrenderpipline/Extensions/UEReference/Atmosphere/UESkyMaterialThirdPartyNotice.txt,present,REFERENCE,UE 算法/来源/未编译扩展,保留研究价值；旧注册关闭，不能当有效运行入口,A1.3b/C2,1268f2bf30107686692393fb930b0bfd8e65c2f85ad5f155055ff173630f5bf1
E:\Project\falcor\Falcor-m0,Source/RenderPasses/customrenderpipline/Extensions/UEReference/Atmosphere/UESkyViewHelpers.ush,present,REFERENCE,UE 算法/来源/未编译扩展,保留研究价值；旧注册关闭，不能当有效运行入口,A1.3b/C2,20f036c31ef1ecc13c3f3fa67e4846dc5e4c86a1ea08a2f1688fb57683ae0726
E:\Project\falcor\Falcor-m0,Source/RenderPasses/customrenderpipline/Extensions/UEReference/Atmosphere/UESkyViewLut.ush,present,REFERENCE,UE 算法/来源/未编译扩展,保留研究价值；旧注册关闭，不能当有效运行入口,A1.3b/C2,fa4be9c11bd607b79d1cc82383ce3f656ca22062df83853692ac43869a7da6de
E:\Project\falcor\Falcor-m0,Source/RenderPasses/customrenderpipline/Extensions/UEReference/Atmosphere/UESkyViewLutSource.json,present,REFERENCE,UE 算法/来源/未编译扩展,保留研究价值；旧注册关闭，不能当有效运行入口,A1.3b/C2,bf34e0ea83eaf7265739e3226d2209ff2cd1af5643b6074a147a94aa797a7765
E:\Project\falcor\Falcor-m0,Source/RenderPasses/customrenderpipline/Extensions/UEReference/Atmosphere/UESkyViewSetup.cpp,present,REFERENCE,UE 算法/来源/未编译扩展,保留研究价值；旧注册关闭，不能当有效运行入口,A1.3b/C2,191c03e9c60c485c264ea11284344e6220fe9f770d582ef2f454bd09ca24d7e3
E:\Project\falcor\Falcor-m0,Source/RenderPasses/customrenderpipline/Extensions/UEReference/Atmosphere/UESkyViewSetup.h,present,REFERENCE,UE 算法/来源/未编译扩展,保留研究价值；旧注册关闭，不能当有效运行入口,A1.3b/C2,0e0eb6e0d1c0bc15f0f0afde596b3558083d36fd1a6e2da29dc1ab2d70d2be9f
E:\Project\falcor\Falcor-m0,Source/RenderPasses/customrenderpipline/Extensions/UEReference/Atmosphere/UESkyViewSetupCompat.h,present,REFERENCE,UE 算法/来源/未编译扩展,保留研究价值；旧注册关闭，不能当有效运行入口,A1.3b/C2,6c99b27797249f50df77f2b1e1d62217f3d2f8d9c23b11285537fe217c907262
E:\Project\falcor\Falcor-m0,Source/RenderPasses/customrenderpipline/Extensions/UEReference/Atmosphere/UESkyViewSetupOriginal.inl,present,REFERENCE,UE 算法/来源/未编译扩展,保留研究价值；旧注册关闭，不能当有效运行入口,A1.3b/C2,9510a49c5d19974e5f2463aa5ca345322b32ef36da8365ff193bdbcbd606fc71
E:\Project\falcor\Falcor-m0,Source/RenderPasses/customrenderpipline/Extensions/UEReference/Atmosphere/UESkyViewSetupSource.json,present,REFERENCE,UE 算法/来源/未编译扩展,保留研究价值；旧注册关闭，不能当有效运行入口,A1.3b/C2,bbcf3484e9d3b66e27c30636bae4dfadd54be68060b2a609bcdefd4b8ba1df3a
E:\Project\falcor\Falcor-m0,Source/RenderPasses/customrenderpipline/Extensions/UEReference/Atmosphere/UESkyViewThirdPartyNotice.txt,present,REFERENCE,UE 算法/来源/未编译扩展,保留研究价值；旧注册关闭，不能当有效运行入口,A1.3b/C2,1268f2bf30107686692393fb930b0bfd8e65c2f85ad5f155055ff173630f5bf1
E:\Project\falcor\Falcor-m0,Source/RenderPasses/customrenderpipline/Extensions/UEReference/Atmosphere/UESunSetup.cpp,present,REFERENCE,UE 算法/来源/未编译扩展,保留研究价值；旧注册关闭，不能当有效运行入口,A1.3b/C2,be12881c3fd263f69cdef52c4bfa68603cf652fc93b0defa9936ffa8d775452d
E:\Project\falcor\Falcor-m0,Source/RenderPasses/customrenderpipline/Extensions/UEReference/Atmosphere/UESunSetup.h,present,REFERENCE,UE 算法/来源/未编译扩展,保留研究价值；旧注册关闭，不能当有效运行入口,A1.3b/C2,493c83fe16da4a810b3205b9b780f4d9c2252343630f202cbb7b39e9ae5c9f97
E:\Project\falcor\Falcor-m0,Source/RenderPasses/customrenderpipline/Extensions/UEReference/Atmosphere/UESunSetupCompat.h,present,REFERENCE,UE 算法/来源/未编译扩展,保留研究价值；旧注册关闭，不能当有效运行入口,A1.3b/C2,2da342d7403a9a92ba50054e5343c706040221d1951570f3a69a2497d09f993e
E:\Project\falcor\Falcor-m0,Source/RenderPasses/customrenderpipline/Extensions/UEReference/Atmosphere/UESunSetupOriginal.inl,present,REFERENCE,UE 算法/来源/未编译扩展,保留研究价值；旧注册关闭，不能当有效运行入口,A1.3b/C2,7907ef9322c584afd57dbe2a9eb29b9ad2f03dd79eb3d755e8a7609ac6a6d65a
E:\Project\falcor\Falcor-m0,Source/RenderPasses/customrenderpipline/Extensions/UEReference/Atmosphere/UESunSetupSource.json,present,REFERENCE,UE 算法/来源/未编译扩展,保留研究价值；旧注册关闭，不能当有效运行入口,A1.3b/C2,e859ac6c42f523a056430f5bbed02ce84ebb3359c5eda976121a4cbc92b00f91
E:\Project\falcor\Falcor-m0,Source/RenderPasses/customrenderpipline/Extensions/UEReference/Atmosphere/UETransmittance.ush,present,REFERENCE,UE 算法/来源/未编译扩展,保留研究价值；旧注册关闭，不能当有效运行入口,A1.3b/C2,82655236686c05a29230d00edb53d5ac78671433afdc545d52d291ba2fc804be
E:\Project\falcor\Falcor-m0,Source/RenderPasses/customrenderpipline/Extensions/UEReference/Cases/HairFY1/Lighting.slangh,present,REFERENCE,UE 算法/来源/未编译扩展,保留研究价值；旧注册关闭，不能当有效运行入口,A1.3b/C2,12aa801c043285113c0cce515afe164b8ac4b1d2340494156b31316b42ae0cba
E:\Project\falcor\Falcor-m0,Source/RenderPasses/customrenderpipline/Extensions/UEReference/CustomRenderPiplineCSMDepthPass.cpp,removed,REMOVED,已归档退役路径,本轮或前轮已移除；准确批次见 retirement manifests,,ec98ac773f21cd4cbaa7fb019d62be604c0e1de996fe555ea577284ec2e45ad5
E:\Project\falcor\Falcor-m0,Source/RenderPasses/customrenderpipline/Extensions/UEReference/CustomRenderPiplineCSMDepthPass.h,removed,REMOVED,已归档退役路径,本轮或前轮已移除；准确批次见 retirement manifests,,42213207e6c21c6286a4fbceb88cdd6ac75ea7786bfb523136ba283167f6fd1e
E:\Project\falcor\Falcor-m0,Source/RenderPasses/customrenderpipline/Extensions/UEReference/CustomRenderPiplineCSMProjectionPass.cpp,removed,REMOVED,已归档退役路径,本轮或前轮已移除；准确批次见 retirement manifests,,8fcbac997a0e45fd6e1074eb99e3d8282f57af7bcd91af4ccecdf48f3852605e
E:\Project\falcor\Falcor-m0,Source/RenderPasses/customrenderpipline/Extensions/UEReference/CustomRenderPiplineCSMProjectionPass.h,removed,REMOVED,已归档退役路径,本轮或前轮已移除；准确批次见 retirement manifests,,bdb3e57fe26eb1bc7860b3c090b7b0ae6ad6d4404a6337a2154efbb68f95bd90
E:\Project\falcor\Falcor-m0,Source/RenderPasses/customrenderpipline/Extensions/UEReference/DeferredLight.json,present,REFERENCE,UE 算法/来源/未编译扩展,保留研究价值；旧注册关闭，不能当有效运行入口,A1.3b/C2,73e795fe9b2bea88312e939e5e570e8e0ca17c538d72602f85a68c5cc38e06e4
E:\Project\falcor\Falcor-m0,Source/RenderPasses/customrenderpipline/Extensions/UEReference/Materials/RDCGrid.slangh,present,REFERENCE,UE 算法/来源/未编译扩展,保留研究价值；旧注册关闭，不能当有效运行入口,A1.3b/C2,634268568ca642833072f5a738ce326b7a195521f9a98fd604c88b902fe64b13
E:\Project\falcor\Falcor-m0,Source/RenderPasses/customrenderpipline/Extensions/UEReference/Materials/SourceProcGrid.3d.slang,present,REFERENCE,UE 算法/来源/未编译扩展,保留研究价值；旧注册关闭，不能当有效运行入口,A1.3b/C2,a8faa7934b4674fbef2abf55899f6525e84ef09dd6301c382aa675a277c33208
E:\Project\falcor\Falcor-m0,Source/RenderPasses/customrenderpipline/Extensions/UEReference/Materials/SourceSky.3d.slang,present,REFERENCE,UE 算法/来源/未编译扩展,保留研究价值；旧注册关闭，不能当有效运行入口,A1.3b/C2,fdf49722aef00cd89c05cea65047c833dfdc0aec08b51511a9094d32c34475c2
E:\Project\falcor\Falcor-m0,Source/RenderPasses/customrenderpipline/Extensions/UEReference/Materials/SourceSkyCapture.3d.slang,present,REFERENCE,UE 算法/来源/未编译扩展,保留研究价值；旧注册关闭，不能当有效运行入口,A1.3b/C2,0c3e3fae242f5d823d3850e0e6b637661daa66a974c4f88dfca4bad8419a9369
E:\Project\falcor\Falcor-m0,Source/RenderPasses/customrenderpipline/Extensions/UEReference/Shadows/CSMDepth.3d.slang,present,REFERENCE,UE 算法/来源/未编译扩展,保留研究价值；旧注册关闭，不能当有效运行入口,A1.3b/C2,8bdb4ee9e823cfb5563447fd9a1af3962c4d53a70098218c4b5592316ea7e192
E:\Project\falcor\Falcor-m0,Source/RenderPasses/customrenderpipline/Extensions/UEReference/Shadows/CSMParameters.slangh,present,REFERENCE,UE 算法/来源/未编译扩展,保留研究价值；旧注册关闭，不能当有效运行入口,A1.3b/C2,b20fdae5c277f191168ad408a1e7f08508b725546ef2f65d505caeba37c0489e
E:\Project\falcor\Falcor-m0,Source/RenderPasses/customrenderpipline/Extensions/UEReference/Shadows/CSMProjection.3d.slang,present,REFERENCE,UE 算法/来源/未编译扩展,保留研究价值；旧注册关闭，不能当有效运行入口,A1.3b/C2,4320202944285d4de390e7cc5bdc640052ce9702f63ea5e694b95e1fa34bbda7
E:\Project\falcor\Falcor-m0,Source/RenderPasses/customrenderpipline/Extensions/UEReference/Shadows/UECSMDepth.ush,present,REFERENCE,UE 算法/来源/未编译扩展,保留研究价值；旧注册关闭，不能当有效运行入口,A1.3b/C2,cc835804c6b02d34284b49721567ac7a122647dd43f9dcbee354d776b5115e75
E:\Project\falcor\Falcor-m0,Source/RenderPasses/customrenderpipline/Extensions/UEReference/Shadows/UECSMEncode.ush,present,REFERENCE,UE 算法/来源/未编译扩展,保留研究价值；旧注册关闭，不能当有效运行入口,A1.3b/C2,591dcb041753c7015b935917794ac2191d8574caf9383efce67d8c4e960ff18e
E:\Project\falcor\Falcor-m0,Source/RenderPasses/customrenderpipline/Extensions/UEReference/Shadows/UECSMFiltering.ush,present,REFERENCE,UE 算法/来源/未编译扩展,保留研究价值；旧注册关闭，不能当有效运行入口,A1.3b/C2,1f3006aa3a0ca2dc6c1c9fb20ce27fa3fc466909e623bc39e2413f94d61f0907
E:\Project\falcor\Falcor-m0,Source/RenderPasses/customrenderpipline/Extensions/UEReference/Shadows/UECSMSource.json,present,REFERENCE,UE 算法/来源/未编译扩展,保留研究价值；旧注册关闭，不能当有效运行入口,A1.3b/C2,a59bcf8c0c8abbf9375c12608e5def42e27a09278bdf01e9afc7d183fdf7b29d
E:\Project\falcor\Falcor-m0,Source/RenderPasses/customrenderpipline/Extensions/UEReference/UEReferenceExtension.cpp,present,RETIRED_SOURCE,旧运行/合同源码,停止编译，保留原字节研究材料,C2,9815924a8786973a4926c9b0c7266d2c525140c9679dc20d91f2aa252f6997cf
E:\Project\falcor\Falcor-m0,Source/RenderPasses/customrenderpipline/Extensions/UEReference/UEReferenceExtension.h,present,REFERENCE,UE 算法/来源/未编译扩展,保留研究价值；旧注册关闭，不能当有效运行入口,A1.3b/C2,d1567d2e8d92e5b214444b58e97e8be5fae9a29459fa8b92bd52608b6bb1fb9a
E:\Project\falcor\Falcor-m0,Source/RenderPasses/customrenderpipline/Extensions/UEReference/UEReferenceLighting.3d.slang,present,REFERENCE,UE 算法/来源/未编译扩展,保留研究价值；旧注册关闭，不能当有效运行入口,A1.3b/C2,dd4423522954fb38bcf7e3d801799a7ac25455370803253d18555eb459ae47d7
E:\Project\falcor\Falcor-m0,Source/RenderPasses/customrenderpipline/Extensions/UEReference/UEReferenceLightingConfig.cpp,present,RETIRED_SOURCE,旧运行/合同源码,停止编译，保留原字节研究材料,C2,2ce5261fb2b87b86f32064a15aa99f7aa94d4d59adc89d009d24a423c3475c23
E:\Project\falcor\Falcor-m0,Source/RenderPasses/customrenderpipline/Extensions/UEReference/UEReferenceLightingConfig.h,present,REFERENCE,UE 算法/来源/未编译扩展,保留研究价值；旧注册关闭，不能当有效运行入口,A1.3b/C2,7d5a216702cb1f4799b082739a1bcdeae999ddb3add1fffe6ec3127f87c4b049
E:\Project\falcor\Falcor-m0,Source/RenderPasses/customrenderpipline/Extensions/UEReference/UEReferenceLightingPass.cpp,present,RETIRED_SOURCE,旧运行/合同源码,停止编译，保留原字节研究材料,C2,65cde27f758a83864344b92a9fca554d03df79242d26a50c28dadbb8d45f2aa5
E:\Project\falcor\Falcor-m0,Source/RenderPasses/customrenderpipline/Extensions/UEReference/UEReferenceLightingPass.h,present,REFERENCE,UE 算法/来源/未编译扩展,保留研究价值；旧注册关闭，不能当有效运行入口,A1.3b/C2,a29a87945abdc9ba64b0d720bccd80083410a32111ce604b90b35b6d0890dc6d
E:\Project\falcor\Falcor-m0,Source/RenderPasses/customrenderpipline/Extensions/UEReference/UEReferenceMeshCompatibility.cpp,present,RETIRED_SOURCE,旧运行/合同源码,停止编译，保留原字节研究材料,C2,67981b7c9b4f28b802f1c788bc6592110e25947e6d63ab89f4bb5f97b6136b1f
E:\Project\falcor\Falcor-m0,Source/RenderPasses/customrenderpipline/Extensions/UEReference/UEReferenceMeshCompatibility.h,present,REFERENCE,UE 算法/来源/未编译扩展,保留研究价值；旧注册关闭，不能当有效运行入口,A1.3b/C2,755c41b944cfecec3f976dc5c6696ad54e6d90198c7264524a02a92f38fdb6e6
E:\Project\falcor\Falcor-m0,Source/RenderPasses/customrenderpipline/Extensions/UEReference/UEReferencePassCompatibility.cpp,present,RETIRED_SOURCE,旧运行/合同源码,停止编译，保留原字节研究材料,C2,a9f84457dd8cf16c39bfd44ea5a177ee778ce6ac2cced5cc10b5ea5a98dd9985
E:\Project\falcor\Falcor-m0,Source/RenderPasses/customrenderpipline/Extensions/UEReference/UEReferencePassCompatibility.h,present,REFERENCE,UE 算法/来源/未编译扩展,保留研究价值；旧注册关闭，不能当有效运行入口,A1.3b/C2,a0e8386d7c4eb4939d3cbfa9e15ce0de6e6ae95f3980843ef45622b4f53439d7
E:\Project\falcor\Falcor-m0,Source/RenderPasses/customrenderpipline/Extensions/UEReference/UEReferenceShadowSetupPass.cpp,present,RETIRED_SOURCE,旧运行/合同源码,停止编译，保留原字节研究材料,C2,37c5a07626979fc2b2fe688a0236b34d727fa9726ae3ef2880aa3bc18c0faae2
E:\Project\falcor\Falcor-m0,Source/RenderPasses/customrenderpipline/Extensions/UEReference/UEReferenceShadowSetupPass.h,present,REFERENCE,UE 算法/来源/未编译扩展,保留研究价值；旧注册关闭，不能当有效运行入口,A1.3b/C2,c63f9d083d07d558f526c33757d74272fa697a11e404e290ad7ecbeb3e9cf7a3
E:\Project\falcor\Falcor-m0,Source/RenderPasses/customrenderpipline/Extensions/UEReference/UEReferenceSkyViewSetupPass.cpp,present,RETIRED_SOURCE,旧运行/合同源码,停止编译，保留原字节研究材料,C2,8c0149d074acdd07e74385ff125f4d0e5a95da7013d2156153c4289f0d6bf34b
E:\Project\falcor\Falcor-m0,Source/RenderPasses/customrenderpipline/Extensions/UEReference/UEReferenceSkyViewSetupPass.h,present,REFERENCE,UE 算法/来源/未编译扩展,保留研究价值；旧注册关闭，不能当有效运行入口,A1.3b/C2,7a99719f14db9438eb5df892cc22c5dfd52a3928809924fdb4eb2911f61e9eb1
E:\Project\falcor\Falcor-m0,Source/RenderPasses/customrenderpipline/Generated/803c111d2a7bf0ca417006e8d20417e7204f0c4e4f75967848e71851f33c6d34/GBuffer.json,removed,REMOVED,已归档退役路径,本轮或前轮已移除；准确批次见 retirement manifests,,cd0b006df3f778deb6732ded0ebfcbdac5326f6495c72fae5761def4ed66c1c2
E:\Project\falcor\Falcor-m0,Source/RenderPasses/customrenderpipline/Generated/803c111d2a7bf0ca417006e8d20417e7204f0c4e4f75967848e71851f33c6d34/GBuffer.slangh,removed,REMOVED,已归档退役路径,本轮或前轮已移除；准确批次见 retirement manifests,,134c3ce41b78bb65aa31a9067497cd911bb5a660d609e248c3e7c373b0e1b282
E:\Project\falcor\Falcor-m0,Source/RenderPasses/customrenderpipline/Generated/940b1c6bc65479c3798467c62081fd3fb08292e37b456c71b035c4c79d2a29c9/GBuffer.json,removed,REMOVED,已归档退役路径,本轮或前轮已移除；准确批次见 retirement manifests,,efe7caef098f4c17b250df381e9b29ed6069565869479b344994d725b5db4786
E:\Project\falcor\Falcor-m0,Source/RenderPasses/customrenderpipline/Generated/940b1c6bc65479c3798467c62081fd3fb08292e37b456c71b035c4c79d2a29c9/GBuffer.slangh,removed,REMOVED,已归档退役路径,本轮或前轮已移除；准确批次见 retirement manifests,,56a45918cd8cfadfd571b01d90fbd71719b3b25b4fb25b3018891dd02424ef04
E:\Project\falcor\Falcor-m0,Source/RenderPasses/customrenderpipline/NativeGBuffer.3d.slang,present,KEEP_NATIVE,通用原生插件,现用，非旧 Config/UE ABI 依赖,R4/Q1,998fbe870d0f0570d452642f1779f5d50673d08b614ef7dbef0e78cd05286d0b
E:\Project\falcor\Falcor-m0,Source/RenderPasses/customrenderpipline/NativeGBufferCodec.slangh,present,KEEP_NATIVE,通用原生插件,现用，非旧 Config/UE ABI 依赖,R4/Q1,eb6e9206e3ca2cb49b41ed7f9d77a3cb6ad0c060c6ca8378dd752d1cf35d2644
E:\Project\falcor\Falcor-m0,Source/RenderPasses/customrenderpipline/README.md,present,DOCUMENT,文档/历史证据,当前状态看本轮报告；旧记录不重写,,d03d80fa7deb990f8b6fac502fc746188464e7a53a37baecc00596c4d9f7f7f5
E:\Project\falcor\Falcor-m0,Source/RenderPasses/customrenderpipline/Schemas/DefaultLit.json,present,REFERENCE_ABI,旧 Shader ABI/合同/研究配置,保留来源，非当前主线接口；可后续归档清理,C2,405724628451ab9afd4b8353d498f3b8b3cef085cef7afa97bfd3dff6a4a7fdb
E:\Project\falcor\Falcor-m0,Source/RenderPasses/customrenderpipline/Schemas/DirectLightingModels.json,present,REFERENCE_ABI,旧 Shader ABI/合同/研究配置,保留来源，非当前主线接口；可后续归档清理,C2,3789e6ec87d252378d21db375007e4fa1ec55f1b4dbd2dcdd6fba569f96bbcaf
E:\Project\falcor\Falcor-m0,Source/RenderPasses/customrenderpipline/Schemas/OpaqueLightingModels.json,present,REFERENCE_ABI,旧 Shader ABI/合同/研究配置,保留来源，非当前主线接口；可后续归档清理,C2,82a17cbdd55bebe6b29b095e17c5091d55958c48df280a98d8f5109431ae9ec7
E:\Project\falcor\Falcor-m0,Source/RenderPasses/customrenderpipline/Schemas/OpaqueModels.json,present,REFERENCE_ABI,旧 Shader ABI/合同/研究配置,保留来源，非当前主线接口；可后续归档清理,C2,1cee08b515603b1e0839fc63fc21bbc975b8d797261879e22f864154a5d7254e
E:\Project\falcor\Falcor-m0,Source/RenderPasses/customrenderpipline/Schemas/README.md,present,DOCUMENT,文档/历史证据,当前状态看本轮报告；旧记录不重写,,a5d6d30ffc4de74ebd6a603122bc897551b67fffa354a614ff2e10ef465eb38f
E:\Project\falcor\Falcor-m0,Source/Tools/FalcorTest/CMakeLists.txt,present,KEEP_BUILD,构建集成,当前编译集合，旧运行和合同 tests 已退出,,2dbe6abeef9fbf97d6d81650ccfb4b980e111a546ebff8e718dd655c43a9f859
E:\Project\falcor\Falcor-m0,Source/Tools/FalcorTest/Standalone/BackwardModuleStrings/CMakeLists.txt,present,KEEP_BUILD,构建集成,当前编译集合，旧运行和合同 tests 已退出,,de37d72c21ef5e5064d961ac7f66f982c71e996b53390775a9334c41bc60e6f2
E:\Project\falcor\Falcor-m0,Source/Tools/FalcorTest/Standalone/BackwardModuleStrings/Main.cpp,present,KEEP_TEST,原生/独立数学验证,保留；本轮执行范围见 verification,Q1,4d78a0eef721cffd34acc71835031effc243a7a4a3cea0e0648e06e183a61f2d
E:\Project\falcor\Falcor-m0,Source/Tools/FalcorTest/Standalone/UESkyViewSetupSmoke.cpp,present,KEEP_TEST,原生/独立数学验证,保留；本轮执行范围见 verification,Q1,8f3b30d2bb03a568e9bf8f683fec0b2a73dc3cdf6fdce25b276a3dab6ea0189c
E:\Project\falcor\Falcor-m0,Source/Tools/FalcorTest/Standalone/UESunSetupCompatSmoke.cpp,present,KEEP_TEST,原生/独立数学验证,保留；本轮执行范围见 verification,Q1,174e07fafa4e6a84b125497f82b1306c3c66a1cf246a6da0e698712d7a19b8fb
E:\Project\falcor\Falcor-m0,Source/Tools/FalcorTest/Tests/Core/CustomRenderPiplineCapabilities.cpp,present,KEEP_TEST,原生/独立数学验证,保留；本轮执行范围见 verification,Q1,c9283b09f542d265d496eec4ce5ff33eee46b26079492549061b8c9d23ce96fe
E:\Project\falcor\Falcor-m0,Source/Tools/FalcorTest/Tests/Core/CustomRenderPiplineCapabilities.slang,present,KEEP_TEST,原生/独立数学验证,保留；本轮执行范围见 verification,Q1,8a0cf610c6faca8a1a28473b1afc9689ba8e77654474d36f2425557dc1bd716a
E:\Project\falcor\Falcor-m0,Source/Tools/FalcorTest/Tests/Core/CustomRenderPiplineCubeSubresources.cpp,present,KEEP_TEST,原生/独立数学验证,保留；本轮执行范围见 verification,Q1,89f2949616ef901cd213d71ccb526c10ba15b6db0490075f066aa5b103ba276a
E:\Project\falcor\Falcor-m0,Source/Tools/FalcorTest/Tests/Core/CustomRenderPiplineCubeSubresources.slang,present,KEEP_TEST,原生/独立数学验证,保留；本轮执行范围见 verification,Q1,59c9d6d338d68051d6a97c9f7e66fc506fc7b6f4c1b2289c8f694be81fa9e452
E:\Project\falcor\Falcor-m0,Source/Tools/FalcorTest/Tests/Core/CustomRenderPiplineExternalInputs.cpp,present,RETIRED_SOURCE,旧运行/合同源码,停止编译，保留原字节研究材料,C2,fbe86c361e533cdaefaf3daf8fac27c5ef6d2246767fcde474ec69bff5659936
E:\Project\falcor\Falcor-m0,Source/Tools/FalcorTest/Tests/Core/CustomRenderPiplineFrameReadback.cpp,present,RETIRED_SOURCE,旧运行/合同源码,停止编译，保留原字节研究材料,C2,5e434627024c22a937e3c25896bc099e33b835aa2365c3545a5c7eebb0e78f19
E:\Project\falcor\Falcor-m0,Source/Tools/FalcorTest/Tests/Core/CustomRenderPiplineSceneIdentity.cpp,present,RETIRED_SOURCE,旧运行/合同源码,停止编译，保留原字节研究材料,C2,d46346ec972211c31d160365b27d7a0b09f518b4fc2b701e2b33a89e09dda50c
E:\Project\falcor\Falcor-m0,Source/Tools/FalcorTest/Tests/Core/NativeTextureReadback.cpp,present,KEEP_TEST,原生/独立数学验证,保留；本轮执行范围见 verification,Q1,d207fccc1d3987814e25f8f116588dd351420b71e464ffbd7d0f3786152cbf2c
E:\Project\falcor\Falcor-m0,Source/Tools/FalcorTest/Tests/Core/RenderGraphStructuredBuffers.cpp,present,KEEP_TEST,原生/独立数学验证,保留；本轮执行范围见 verification,Q1,4f70b9f453cb58dc06b7c9220eaa1862653a2cea23204c8e220455bd8f8df2d3
E:\Project\falcor\Falcor-m0,Source/Tools/FalcorTest/Tests/Core/UEReferenceLightingConfig.cpp,present,RETIRED_SOURCE,旧运行/合同源码,停止编译，保留原字节研究材料,C2,fbb416e4622606a66c82394d47757349db273240813e31d5c5df2f6f003dbe4c
E:\Project\falcor\Falcor-m0,Source/Tools/FalcorTest/Tests/Scene/SceneRasterDrawList.3d.slang,present,KEEP_TEST,原生/独立数学验证,保留；本轮执行范围见 verification,Q1,9acef2a1b66078f7ac6b9b13fd4c08314ab8e261ff440fbf8d53a27de106ee43
E:\Project\falcor\Falcor-m0,Source/Tools/FalcorTest/Tests/Scene/SceneRasterDrawList.cpp,present,KEEP_TEST,原生/独立数学验证,保留；本轮执行范围见 verification,Q1,49e009ead604fa678dbaf38924b786bceef8084d71deef3affabea6de33a4168
E:\Project\falcor\Falcor-m0,docs/research/customrenderpipline-framework.md,present,DOCUMENT,文档/历史证据,当前状态看本轮报告；旧记录不重写,,6a90c1288fa51590a9417ce3cf5b963b11f2f89d535892a9c61ff90092023fb9
E:\Project\falcor\Falcor-m0,docs/research/customrenderpipline-gbuffer-schema-zh.md,present,DOCUMENT,文档/历史证据,当前状态看本轮报告；旧记录不重写,,7a850ff19c09701ae23b3953bb71bebc48f657abff1c01b7952c82f1a2b97b17
E:\Project\falcor\Falcor-m0,docs/research/customrenderpipline-legacy-callers-native-replacement-zh.md,present,DOCUMENT,文档/历史证据,当前状态看本轮报告；旧记录不重写,,50c0ba3ce41c908742733958d143d3211d8ef173d0d8ef2c144641baf924a40e
E:\Project\falcor\Falcor-m0,docs/research/customrenderpipline-memo-zh.md,present,DOCUMENT,文档/历史证据,当前状态看本轮报告；旧记录不重写,,21b9c4dfcb1d1ab9d2a5ce046e6fbfa7aeddf590778dcaf5d021fc1b2b850112
E:\Project\falcor\Falcor-m0,docs/research/customrenderpipline-modification-audit-zh.md,present,DOCUMENT,文档/历史证据,当前状态看本轮报告；旧记录不重写,,bedd0f1aef00422456d640c10b17a5cc23c5a4c773b6ab6041e22d2a5a722bcf
E:\Project\falcor\Falcor-m0,docs/research/customrenderpipline-modification-inventory.csv,present,DOCUMENT,文档/历史证据,当前状态看本轮报告；旧记录不重写,,a2a04bc788fb4106f0b38bf7c35525e940c980da7eebd24858279cd9aaa73268
E:\Project\falcor\Falcor-m0,docs/research/customrenderpipline-modification-reaudit-20260914-zh.md,present,DOCUMENT,文档/历史证据,当前状态看本轮报告；旧记录不重写,,c4afda58c29b4259a559a5008fc33961a8bda01460901b3d801d1c9d0d03901c
E:\Project\falcor\Falcor-m0,docs/research/customrenderpipline-native-falcor-audit-zh.md,present,DOCUMENT,文档/历史证据,当前状态看本轮报告；旧记录不重写,,8f35b10b7f75704018c9d777e30d8e3d50928ddff66a91880c3d4d0f93817fd6
E:\Project\falcor\Falcor-m0,docs/research/customrenderpipline-native-gbuffer-zh.md,present,DOCUMENT,文档/历史证据,当前状态看本轮报告；旧记录不重写,,77bd2b5836074961e24b2174cd714bf5dbd5a18d77bfd2a5dd1307df423f6d6e
E:\Project\falcor\Falcor-m0,docs/research/customrenderpipline-native-mesh-selection-zh.md,present,DOCUMENT,文档/历史证据,当前状态看本轮报告；旧记录不重写,,2fff0b2bfe94acb9596a2bae1724932bc035097322ddfb2337f2793519dd931b
E:\Project\falcor\Falcor-m0,docs/research/customrenderpipline-native-pass-migration-zh.md,present,DOCUMENT,文档/历史证据,当前状态看本轮报告；旧记录不重写,,61bcf94c0f00e17b22d08924ff334addf75165d30bda9f65724a8697296d6b0d
E:\Project\falcor\Falcor-m0,docs/research/customrenderpipline-native-resources-history-zh.md,present,DOCUMENT,文档/历史证据,当前状态看本轮报告；旧记录不重写,,976390a9378b3f5d2e675bf18fae0c24854bb190ba5b9ba10c58beb99f547b7f
E:\Project\falcor\Falcor-m0,docs/research/customrenderpipline-schema-observer-zh.md,present,DOCUMENT,文档/历史证据,当前状态看本轮报告；旧记录不重写,,a7eaba41d6f9ed69e86989c1d5c512d947c5c23acf1a5ae918715eba89a6a5fc
E:\Project\falcor\Falcor-m0,docs/research/customrenderpipline-todo-zh.md,present,DOCUMENT,文档/历史证据,当前状态看本轮报告；旧记录不重写,,19a423a1c941ca85878e612b42066bd0c0644a51b2bcdfe92c4bb5eb1a31a2ad
E:\Project\falcor\Falcor-m0,docs/research/customrenderpipline-upstream-examples-zh.md,present,DOCUMENT,文档/历史证据,当前状态看本轮报告；旧记录不重写,,1834799d9cdca30eab45bbbe68445331a6f236724ad1379c43c0f8fb7c5fd6a7
E:\Project\falcor\Falcor-m0,docs/research/customrenderpipline-usage-zh.md,present,DOCUMENT,文档/历史证据,当前状态看本轮报告；旧记录不重写,,ae317c63d7bc4ddfefde1b648c7888b3ac276a8a1c9029cc827002b6a2b971e9
E:\Project\falcor\Falcor-m0,docs/research/ue-legacy-adapter-fidelity-result.json,present,DOCUMENT,文档/历史证据,当前状态看本轮报告；旧记录不重写,,455f2903aaab03a6a38d341c0b4113981163c0990a61fb8f7c91f1eebc82f541
E:\Project\falcor\Falcor-m0,docs/research/ue-legacy-adapter-fidelity.md,present,DOCUMENT,文档/历史证据,当前状态看本轮报告；旧记录不重写,,63d9334780ab506be2bc3814e079d32ad0a930dab32661c6c5b50c6f9c048087
E:\Project\falcor\Falcor-m0,docs/research/ue-legacy-automatic-exposure.md,present,DOCUMENT,文档/历史证据,当前状态看本轮报告；旧记录不重写,,bb623eab2cd1221e0d485c71e6bbfdff67a8310679476b673ff1f157d6a3c3cd
E:\Project\falcor\Falcor-m0,docs/research/ue-legacy-capture-input-audit.md,present,DOCUMENT,文档/历史证据,当前状态看本轮报告；旧记录不重写,,853a085de8d9cb9f1cd9f8065568a33c74cdc0c3c722b0a5b1c446dda2d2c7a2
E:\Project\falcor\Falcor-m0,docs/research/ue-legacy-capture2-baseline.md,present,DOCUMENT,文档/历史证据,当前状态看本轮报告；旧记录不重写,,e09309e31c23075935aff8d534869ba4dac38070b417fa72473e000dfca8de35
E:\Project\falcor\Falcor-m0,docs/research/ue-legacy-coat-skin-lighting-result.json,present,DOCUMENT,文档/历史证据,当前状态看本轮报告；旧记录不重写,,960e9f7bbd710388f9cc75231007ba341191115f94dd8f489968df4d81f36b95
E:\Project\falcor\Falcor-m0,docs/research/ue-legacy-coat-skin-lighting.md,present,DOCUMENT,文档/历史证据,当前状态看本轮报告；旧记录不重写,,1ce7f041b59a1368cd54126cdd76c72c3449ae97d5fdff7a34a4f549fcbb4d71
E:\Project\falcor\Falcor-m0,docs/research/ue-legacy-defaultlit-exact-result.json,present,DOCUMENT,文档/历史证据,当前状态看本轮报告；旧记录不重写,,a916443b41e100ae6d73d6161db63d1ba83beccdefd03b169c6840bd2e35a7c6
E:\Project\falcor\Falcor-m0,docs/research/ue-legacy-defaultlit-exact.md,present,DOCUMENT,文档/历史证据,当前状态看本轮报告；旧记录不重写,,0c3412240689f02c23a5ed645aa8bae7760b9cc6901815d2b0264184045d8c88
E:\Project\falcor\Falcor-m0,docs/research/ue-legacy-direct-lighting-pass-result.json,present,DOCUMENT,文档/历史证据,当前状态看本轮报告；旧记录不重写,,006381d44c10cdef06cb28921399f38c6ea85a6e48a93af5f973c6baca6fbdeb
E:\Project\falcor\Falcor-m0,docs/research/ue-legacy-direct-lighting-pass.md,present,DOCUMENT,文档/历史证据,当前状态看本轮报告；旧记录不重写,,53ba2ed20d9bcec01dd7f6f3e2ed1eb50a3d19f88a9477c37f610558c444bc15
E:\Project\falcor\Falcor-m0,docs/research/ue-legacy-direct-lighting-source.md,present,DOCUMENT,文档/历史证据,当前状态看本轮报告；旧记录不重写,,7fc3efe4a6721f9960094af0a0bbb346371c5b9739f017c161b0c67c800e4556
E:\Project\falcor\Falcor-m0,docs/research/ue-legacy-frame-readback-performance.md,present,DOCUMENT,文档/历史证据,当前状态看本轮报告；旧记录不重写,,c9d4d5a961b6b481bb81cddc640283029fc02c6b849d410812b8f6129c4cf3f4
E:\Project\falcor\Falcor-m0,docs/research/ue-legacy-interactive-performance.md,present,DOCUMENT,文档/历史证据,当前状态看本轮报告；旧记录不重写,,372e6db8360c9ff4434a22003f5efc44f73af8595d6f30c3c3b5340a478ff0c6
E:\Project\falcor\Falcor-m0,docs/research/ue-legacy-light-terms-source.md,present,DOCUMENT,文档/历史证据,当前状态看本轮报告；旧记录不重写,,3f7b6491d8cf7a62434c5117dfc0015e68da28cbff107b6d411890b4162d5ba1
E:\Project\falcor\Falcor-m0,docs/research/ue-legacy-lighting-bxdf-area-result.json,present,DOCUMENT,文档/历史证据,当前状态看本轮报告；旧记录不重写,,7863f9ff44fb634d299a880485bd942ece27f767ce2b29cf9120393daeb60ad1
E:\Project\falcor\Falcor-m0,docs/research/ue-legacy-lighting-capture.md,present,DOCUMENT,文档/历史证据,当前状态看本轮报告；旧记录不重写,,29ff7d1335edceff2db7a4731afdade10d96f07dc78ff24dc45b723873963bce
E:\Project\falcor\Falcor-m0,docs/research/ue-legacy-lighting-cold-cache-review-result.json,present,DOCUMENT,文档/历史证据,当前状态看本轮报告；旧记录不重写,,694253617e63840d690532dd5e577a578df9ecaeaf509820bde755b0a57106c5
E:\Project\falcor\Falcor-m0,docs/research/ue-legacy-lighting-current-residuals-result.json,present,DOCUMENT,文档/历史证据,当前状态看本轮报告；旧记录不重写,,8cca195ac343c8b1474ca708cabb653cae6a0bb3cc8c671319e38808aabf3536
E:\Project\falcor\Falcor-m0,docs/research/ue-legacy-lighting-current-residuals.md,present,DOCUMENT,文档/历史证据,当前状态看本轮报告；旧记录不重写,,7280438bce89e0145b87e93180dead7c6ae294cdf91deff4855087334f716a7a
E:\Project\falcor\Falcor-m0,docs/research/ue-legacy-lighting-diffuse-cross-model-result.json,present,DOCUMENT,文档/历史证据,当前状态看本轮报告；旧记录不重写,,2e27f8e43c61586e217051574f56c556b55f278e50fc1000fd3f4c3f72d31749
E:\Project\falcor\Falcor-m0,docs/research/ue-legacy-lighting-interpolants.md,present,DOCUMENT,文档/历史证据,当前状态看本轮报告；旧记录不重写,,bfcc286f31dc78fbdef86ad10baabec21e65db54c1a624cc23f4406f871bc37c
E:\Project\falcor\Falcor-m0,docs/research/ue-legacy-lighting-local-prefix-result.json,present,DOCUMENT,文档/历史证据,当前状态看本轮报告；旧记录不重写,,b8ef0ce50c7b95a7d81e277cd8bcc33835415abab63e9d3e345f3fd7c1cb784a
E:\Project\falcor\Falcor-m0,docs/research/ue-legacy-lighting-local-prefix-review.json,present,DOCUMENT,文档/历史证据,当前状态看本轮报告；旧记录不重写,,0b20739d8b0602d95fde1a7856adfd558e2ae4cacc41885b939e1ebbf9e27b75
E:\Project\falcor\Falcor-m0,docs/research/ue-legacy-lighting-numerics.md,present,DOCUMENT,文档/历史证据,当前状态看本轮报告；旧记录不重写,,3477ba7fb2023ee662c19defa4c425da6479bb82e54e9dc749ecc7defa5ec94d
E:\Project\falcor\Falcor-m0,docs/research/ue-legacy-lighting-prefix-result.json,present,DOCUMENT,文档/历史证据,当前状态看本轮报告；旧记录不重写,,4dd7ac079b9c583eee887e634bbf028d04c3ddd613fa827bf61e64cdd0c1718b
E:\Project\falcor\Falcor-m0,docs/research/ue-legacy-lighting-prefix.md,present,DOCUMENT,文档/历史证据,当前状态看本轮报告；旧记录不重写,,31a9cc612dac6affd3f179296ef8b5d76dc3e5c992fe19665e57a291c097c9e5
E:\Project\falcor\Falcor-m0,docs/research/ue-legacy-lighting-ps-next.md,present,DOCUMENT,文档/历史证据,当前状态看本轮报告；旧记录不重写,,7f215ae6eabc1a1fa628c36f8905b61b5b967e3888b010dead1662085c3111e5
E:\Project\falcor\Falcor-m0,docs/research/ue-legacy-lighting-schema-result.json,present,DOCUMENT,文档/历史证据,当前状态看本轮报告；旧记录不重写,,e9bf5abbde3f483b6fe0045f573ff0d8a28c5b6ea5d6cc3c6df25d076f908834
E:\Project\falcor\Falcor-m0,docs/research/ue-legacy-lighting-schema.md,present,DOCUMENT,文档/历史证据,当前状态看本轮报告；旧记录不重写,,e386c2023caa5dee829a1a4a1e309b21eacc1e5d9a5e9dd67c81d8a5a3f88fe1
E:\Project\falcor\Falcor-m0,docs/research/ue-legacy-lighting-source-reuse-closure-result.json,present,DOCUMENT,文档/历史证据,当前状态看本轮报告；旧记录不重写,,63bbadca9a3082c5650d007a31020de9fe08f0828d0115f87799080ce69d66c0
E:\Project\falcor\Falcor-m0,docs/research/ue-legacy-lighting-source-reuse-closure.md,present,DOCUMENT,文档/历史证据,当前状态看本轮报告；旧记录不重写,,f5715b8b2dc56fa7a16d30e0edabc5a38e0c12641d3220e214860880d839f5b1
E:\Project\falcor\Falcor-m0,docs/research/ue-legacy-lighting-view-input-result.json,present,DOCUMENT,文档/历史证据,当前状态看本轮报告；旧记录不重写,,5f5189919b71a77faf99a47bbf1617e309d4af8d20f1b510ed05e8d9cbcaf330
E:\Project\falcor\Falcor-m0,docs/research/ue-legacy-lighting-view-inputs.md,present,DOCUMENT,文档/历史证据,当前状态看本轮报告；旧记录不重写,,92b3cba40a766dc7140f89d050b457de62b401af5be878b0d8371aa93514099a
E:\Project\falcor\Falcor-m0,docs/research/ue-legacy-m0/README.md,present,DOCUMENT,文档/历史证据,当前状态看本轮报告；旧记录不重写,,0e34d8dd132625326183bb00e6e630c663d1b5f31cd2b6912879a2d9e3a64957
E:\Project\falcor\Falcor-m0,docs/research/ue-legacy-m1/README.md,present,DOCUMENT,文档/历史证据,当前状态看本轮报告；旧记录不重写,,1b9915001fa705c534e9eea6cb863c18d7578e70426c1a196a947ff075d9a578
E:\Project\falcor\Falcor-m0,docs/research/ue-legacy-m1/first-path-result.json,present,DOCUMENT,文档/历史证据,当前状态看本轮报告；旧记录不重写,,65ce90188b41fc0c165ab2d145fe6f1f833fc035c9cda7998e661729b48ce1d3
E:\Project\falcor\Falcor-m0,docs/research/ue-legacy-mesh-acceptance-result.json,present,DOCUMENT,文档/历史证据,当前状态看本轮报告；旧记录不重写,,72d5906351b2746b0bc1fe65751b549a139e7b69293c14f283f6c26a6db43101
E:\Project\falcor\Falcor-m0,docs/research/ue-legacy-mesh-acceptance.md,present,DOCUMENT,文档/历史证据,当前状态看本轮报告；旧记录不重写,,fd8872542175ea3404728cf6afde4e93900c6f632ad3d2c327b0da326fe2773c
E:\Project\falcor\Falcor-m0,docs/research/ue-legacy-mesh-routing/README.md,present,DOCUMENT,文档/历史证据,当前状态看本轮报告；旧记录不重写,,41667fb4f5d17393ac6925f4cd74b01633046ee52017a42e41405b1b905ffb30
E:\Project\falcor\Falcor-m0,docs/research/ue-legacy-mesh-routing/pipeline-gpu-result.json,present,DOCUMENT,文档/历史证据,当前状态看本轮报告；旧记录不重写,,7ba59f99faafc07e54acfaedbd9b2fb9afd1aba4ffcb642a868c94ccf9132ad7
E:\Project\falcor\Falcor-m0,docs/research/ue-legacy-mesh-routing/routing-gpu-result.json,present,DOCUMENT,文档/历史证据,当前状态看本轮报告；旧记录不重写,,cb411099093179a0e04cdfffeff9afa6c6c117a600a5d4d3f97692ae4db5eed0
E:\Project\falcor\Falcor-m0,docs/research/ue-legacy-metering-downsample.md,present,DOCUMENT,文档/历史证据,当前状态看本轮报告；旧记录不重写,,0b86dc9bc9cea381f774964f279418945ef08180c6c7213fc0e8a25be5670320
E:\Project\falcor\Falcor-m0,docs/research/ue-legacy-model-codecs-result.json,present,DOCUMENT,文档/历史证据,当前状态看本轮报告；旧记录不重写,,bf46a35d6ff3a4d7abfb7b577c651c447b8cc05048f21ced237e5af7ae01903b
E:\Project\falcor\Falcor-m0,docs/research/ue-legacy-model-codecs-source.md,present,DOCUMENT,文档/历史证据,当前状态看本轮报告；旧记录不重写,,b9cae51e8c692339a73cdec5ac7d280adb0389c6bc41d46c5466e2e39553d775
E:\Project\falcor\Falcor-m0,docs/research/ue-legacy-model-codecs.md,present,DOCUMENT,文档/历史证据,当前状态看本轮报告；旧记录不重写,,c4439a4f7baf3359c19dfb73444b7bda7c3510285627a8734f8ef298815b49e6
E:\Project\falcor\Falcor-m0,docs/research/ue-legacy-model-lighting-result.json,present,DOCUMENT,文档/历史证据,当前状态看本轮报告；旧记录不重写,,0a25ce41d20bf9289b56f440a2a30183884200bd0cb808ad1271314e2d9b7ebd
E:\Project\falcor\Falcor-m0,docs/research/ue-legacy-model-lighting-source.md,present,DOCUMENT,文档/历史证据,当前状态看本轮报告；旧记录不重写,,26a8597f92b2fef10561f6003e9f0d369c2f36ad9577901b73318232216730df
E:\Project\falcor\Falcor-m0,docs/research/ue-legacy-model-lighting.md,present,DOCUMENT,文档/历史证据,当前状态看本轮报告；旧记录不重写,,0cf03ea555579d2bb7af0950845dc9dea877b3c84200ab80c47529ddf38bb1fb
E:\Project\falcor\Falcor-m0,docs/research/ue-legacy-native-atmosphere.md,present,DOCUMENT,文档/历史证据,当前状态看本轮报告；旧记录不重写,,15389de21b50caac7ca5b1451e8514b4c0845379a9c0432ae4ee21fec1cdb17b
E:\Project\falcor\Falcor-m0,docs/research/ue-legacy-native-csm.md,present,DOCUMENT,文档/历史证据,当前状态看本轮报告；旧记录不重写,,104dc667acf2353b93f0f7b27bce45c53b72bdc1fc1ba1a695ca8a9c11941410
E:\Project\falcor\Falcor-m0,docs/research/ue-legacy-native-sky-light.md,present,DOCUMENT,文档/历史证据,当前状态看本轮报告；旧记录不重写,,057a41cb557fdd080fd6f9e4fbd955049978bdccdfbcca43a79695bd2abf6322
E:\Project\falcor\Falcor-m0,docs/research/ue-legacy-native-sky-material.md,present,DOCUMENT,文档/历史证据,当前状态看本轮报告；旧记录不重写,,d0bb6ef6126004ead281864756f6f1aa9a36b5e0aea18ef718de04c3ddada509
E:\Project\falcor\Falcor-m0,docs/research/ue-legacy-no-capture-render-inputs.md,present,DOCUMENT,文档/历史证据,当前状态看本轮报告；旧记录不重写,,2aaa806539cb1163919305bf9fa07fa4d2bb03bce345dd709be3bdcc057db0b2
E:\Project\falcor\Falcor-m0,docs/research/ue-legacy-rdc-scene/README.md,present,DOCUMENT,文档/历史证据,当前状态看本轮报告；旧记录不重写,,4eb950b6a22efa5325d582c7b241bbec4583d1d92abc27bbb2bab5ebeac076c0
E:\Project\falcor\Falcor-m0,docs/research/ue-legacy-rdc-scene/grid-arithmetic-final-review.md,present,DOCUMENT,文档/历史证据,当前状态看本轮报告；旧记录不重写,,1c909c4f7447cf8aed35fab8b690e851eb7d69fceb90b9aded6130aae5c76af3
E:\Project\falcor\Falcor-m0,docs/research/ue-legacy-rdc-scene/grid-pixel-trace.json,present,DOCUMENT,文档/历史证据,当前状态看本轮报告；旧记录不重写,,3bcdb06e8f6066463833087540aaed298ca7eaeec7c9dd0eea502c645eb22268
E:\Project\falcor\Falcor-m0,docs/research/ue-legacy-rdc-scene/grid-pixel-trace.md,present,DOCUMENT,文档/历史证据,当前状态看本轮报告；旧记录不重写,,607017fc92b4d85e0654cc890d9ed05f435d2f5735b38e8b69265c6a0737c7d0
E:\Project\falcor\Falcor-m0,docs/research/ue-legacy-rdc-scene/grid-sampling-quad-review.md,present,DOCUMENT,文档/历史证据,当前状态看本轮报告；旧记录不重写,,6f8383dff54ebba9cc8b416f8ad075eb3805f0601d5d571c34916132a9b5ef0d
E:\Project\falcor\Falcor-m0,docs/research/ue-legacy-rdc-scene/identity-dbuffer-source.md,present,DOCUMENT,文档/历史证据,当前状态看本轮报告；旧记录不重写,,1350e73acadae146b6c766eb4799a5ddeb6b44231e75be064e28ceb5585a4286
E:\Project\falcor\Falcor-m0,docs/research/ue-legacy-rdc-scene/manifest.json,present,DOCUMENT,文档/历史证据,当前状态看本轮报告；旧记录不重写,,039f774d965c2ad086afc5643166d7a91fee623afa2fbb7b782ef3e015387682
E:\Project\falcor\Falcor-m0,docs/research/ue-legacy-rdc-scene/native-captured-1816-ps.ll,present,DOCUMENT,文档/历史证据,当前状态看本轮报告；旧记录不重写,,65fc255af08479b09c609b85ee2d2c919f20dd017e76fa6e16b7fa3c11512ee6
E:\Project\falcor\Falcor-m0,docs/research/ue-legacy-rdc-scene/native-codec-review.md,present,DOCUMENT,文档/历史证据,当前状态看本轮报告；旧记录不重写,,1698278d882332ac453512c93e26c9619e498128af2350738dc3ccff26785f27
E:\Project\falcor\Falcor-m0,docs/research/ue-legacy-rdc-scene/native-defaultlit-exact.json,present,DOCUMENT,文档/历史证据,当前状态看本轮报告；旧记录不重写,,5ca70221d170fd40111d6d20b18f056ba5cccfffeef05362acec414f0aa427c1
E:\Project\falcor\Falcor-m0,docs/research/ue-legacy-rdc-scene/native-defaultlit-exact.md,present,DOCUMENT,文档/历史证据,当前状态看本轮报告；旧记录不重写,,9a3f255ee51658400520af55c04ef3fedb68843b539af58891db9e323562a1a1
E:\Project\falcor\Falcor-m0,docs/research/ue-legacy-rdc-scene/native-grid-association.json,present,DOCUMENT,文档/历史证据,当前状态看本轮报告；旧记录不重写,,3961a5b71d9a387be0482e1532cfb5ed910447bf95016bb65def6732cc2fff0e
E:\Project\falcor\Falcor-m0,docs/research/ue-legacy-rdc-scene/native-grid-association.md,present,DOCUMENT,文档/历史证据,当前状态看本轮报告；旧记录不重写,,ee309acdcb06ab05155213639111f5a83b16255fd52909daa6a5286a951e4c6c
E:\Project\falcor\Falcor-m0,docs/research/ue-legacy-rdc-scene/native-grid-context-final.json,present,DOCUMENT,文档/历史证据,当前状态看本轮报告；旧记录不重写,,9398cbdef9d88798c909d0f2d7568f9fb7be94aab8dde04afa51efde0ad15bb3
E:\Project\falcor\Falcor-m0,docs/research/ue-legacy-rdc-scene/native-grid-context-final.md,present,DOCUMENT,文档/历史证据,当前状态看本轮报告；旧记录不重写,,7ddb0c1400085cbbc392ee1fc17548a3041b9ca29ed98d0a384edaad108c950b
E:\Project\falcor\Falcor-m0,docs/research/ue-legacy-rdc-scene/native-grid-initial.json,present,DOCUMENT,文档/历史证据,当前状态看本轮报告；旧记录不重写,,239d76415b54a758887b2ab93766a4c70d9d9d06b866215aeec0ffa0e0dedbd0
E:\Project\falcor\Falcor-m0,docs/research/ue-legacy-rdc-scene/native-grid-initial.md,present,DOCUMENT,文档/历史证据,当前状态看本轮报告；旧记录不重写,,0ab70e1fce2971c2fc9d6b29ec36fc793c024b016cec5a259ca5f970573ff24c
E:\Project\falcor\Falcor-m0,docs/research/ue-legacy-rdc-scene/native-native-planes.json,present,DOCUMENT,文档/历史证据,当前状态看本轮报告；旧记录不重写,,01dbbe15588141ffcafbdf24e2a21b000136be1bc3954d9f024b9e11f2a0d5f3
E:\Project\falcor\Falcor-m0,docs/research/ue-legacy-rdc-scene/native-native-planes.md,present,DOCUMENT,文档/历史证据,当前状态看本轮报告；旧记录不重写,,6c0fa41d5791e0436f489174c732150c0e756a2de36239f73d509f3ce18978a4
E:\Project\falcor\Falcor-m0,docs/research/ue-legacy-rdc-scene/native-native-source-first.json,present,DOCUMENT,文档/历史证据,当前状态看本轮报告；旧记录不重写,,f4790117d89c017e86a0d67f9fe31c27ae6afa367f33e540bcf66b4cf4707f81
E:\Project\falcor\Falcor-m0,docs/research/ue-legacy-rdc-scene/native-native-source-first.md,present,DOCUMENT,文档/历史证据,当前状态看本轮报告；旧记录不重写,,24ff2e2f0b90156f3c91afdf4c069344fd598b26e729d2961be56d55cc065ed3
E:\Project\falcor\Falcor-m0,docs/research/ue-legacy-rdc-scene/native-precise-world-position.json,present,DOCUMENT,文档/历史证据,当前状态看本轮报告；旧记录不重写,,4df152354eeebd045780fe818b81a7b6cb315e0102a9281a3bec9629c07fa41c
E:\Project\falcor\Falcor-m0,docs/research/ue-legacy-rdc-scene/native-precise-world-position.md,present,DOCUMENT,文档/历史证据,当前状态看本轮报告；旧记录不重写,,43e2f6214fb03e55b6b5ee802984cf9c6b2ff55f90d99bf6b847e09865826f2a
E:\Project\falcor\Falcor-m0,docs/research/ue-legacy-rdc-scene/native-source-final.json,present,DOCUMENT,文档/历史证据,当前状态看本轮报告；旧记录不重写,,fdd17d7d9a02716672183daaef0aa73b2aad0d3e6f10cad92f2d3557596ef0e5
E:\Project\falcor\Falcor-m0,docs/research/ue-legacy-rdc-scene/native-source-final.md,present,DOCUMENT,文档/历史证据,当前状态看本轮报告；旧记录不重写,,0e9245abc9ac78fc8145143b01459f678057cc89dff676dbed2e5ae42691cf19
E:\Project\falcor\Falcor-m0,docs/research/ue-legacy-rdc-scene/native-source-view.json,present,DOCUMENT,文档/历史证据,当前状态看本轮报告；旧记录不重写,,070c29d99092083a1db7f701d58b3ea99e697419da57bd364b6057e957adbba2
E:\Project\falcor\Falcor-m0,docs/research/ue-legacy-rdc-scene/native-source-view.md,present,DOCUMENT,文档/历史证据,当前状态看本轮报告；旧记录不重写,,7d6c7a207f871c709ba70a66350920eede73b878544083ed77e472f72716a34d
E:\Project\falcor\Falcor-m0,docs/research/ue-legacy-rdc-scene/native-stencil-precision-final.json,present,DOCUMENT,文档/历史证据,当前状态看本轮报告；旧记录不重写,,80ff8a3bf18efd644f8f3c7da5861d6d672380e289903ff19ae38560caaf5793
E:\Project\falcor\Falcor-m0,docs/research/ue-legacy-rdc-scene/native-stencil-precision-final.md,present,DOCUMENT,文档/历史证据,当前状态看本轮报告；旧记录不重写,,8f3e0a2ccfa8b47bc169a487242575f4d555367b0701a3dcbc937121e821ccdc
E:\Project\falcor\Falcor-m0,docs/research/ue-legacy-rdc-scene/shader-1816-Pixel.txt,present,DOCUMENT,文档/历史证据,当前状态看本轮报告；旧记录不重写,,91f0260c5ddb7a98685d9129f1bf6d3746c25fcffd52c492703fdc76b7a62045
E:\Project\falcor\Falcor-m0,docs/research/ue-legacy-rdc-scene/shader-1816-Vertex.txt,present,DOCUMENT,文档/历史证据,当前状态看本轮报告；旧记录不重写,,41746c8d531ea4d57d59782f3e0e3518b2ce6884691851e3413842cf84d05eb3
E:\Project\falcor\Falcor-m0,docs/research/ue-legacy-rdc-scene/shader-1853-Pixel.txt,present,DOCUMENT,文档/历史证据,当前状态看本轮报告；旧记录不重写,,efb87c9dd322648d5df821217853c2c55df5fdbe145c80a08f894db4c776a43c
E:\Project\falcor\Falcor-m0,docs/research/ue-legacy-rdc-scene/shader-1853-Vertex.txt,present,DOCUMENT,文档/历史证据,当前状态看本轮报告；旧记录不重写,,5131b08fb58c99de19951694d3a551e00253913de41dcfb0dbd60bf981c25bac
E:\Project\falcor\Falcor-m0,docs/research/ue-legacy-rdc-scene/specular-quantization-traces.json,present,DOCUMENT,文档/历史证据,当前状态看本轮报告；旧记录不重写,,fc36b920d9f5e0bedd59a1b6fcafb389239f5d8ee8831792892617cc7e05dacf
E:\Project\falcor\Falcor-m0,docs/research/ue-legacy-rdc-scene/specular-quantization-traces.md,present,DOCUMENT,文档/历史证据,当前状态看本轮报告；旧记录不重写,,4cd82b293850eed26248acc9dac703ee24253dfcb8841a1bc10543a68a4afbe4
E:\Project\falcor\Falcor-m0,docs/research/ue-legacy-rdc-scene/vertex-fidelity-source.json,present,DOCUMENT,文档/历史证据,当前状态看本轮报告；旧记录不重写,,b999ec9499305bc4b5c42fdae9bbb257c1d7438d0be4b82f0c5f2317eeeabda2
E:\Project\falcor\Falcor-m0,docs/research/ue-legacy-rdc-scene/vertex-fidelity-source.md,present,DOCUMENT,文档/历史证据,当前状态看本轮报告；旧记录不重写,,dfa72895cc0a27257fb325e8b4ff172be59ef0a01cceaee241e811e73478f36f
E:\Project\falcor\Falcor-m0,docs/research/ue-legacy-rdc-scene/vertex-fidelity.json,present,DOCUMENT,文档/历史证据,当前状态看本轮报告；旧记录不重写,,1a967d4f0c3dca82235beff5057561fddf06b38cb8a3d72c5f62d006415fe2d1
E:\Project\falcor\Falcor-m0,docs/research/ue-legacy-rdc-scene/vertex-fidelity.md,present,DOCUMENT,文档/历史证据,当前状态看本轮报告；旧记录不重写,,adc4447f9504061d9e35288609762e2cdecc95060c7a2c36ed1128e5ceca9bcc
E:\Project\falcor\Falcor-m0,docs/research/ue-legacy-rdc-scene/view-layout-evidence.json,present,DOCUMENT,文档/历史证据,当前状态看本轮报告；旧记录不重写,,f71269664eb132dfcb85846fcc5c4f613f26b3a4b697c12f36e8e971c7045ec6
E:\Project\falcor\Falcor-m0,docs/research/ue-legacy-rdc-scene/view-uniforms.json,present,DOCUMENT,文档/历史证据,当前状态看本轮报告；旧记录不重写,,c7a68391278e2c107320614f304a6b8b9f08178e970e8a30b8be3b02651d38e0
E:\Project\falcor\Falcor-m0,docs/research/ue-legacy-resource-identity-result.json,present,DOCUMENT,文档/历史证据,当前状态看本轮报告；旧记录不重写,,7e424d8e55614f57d83ae0272d00c1ef37eab62616f14e063327e18042820291
E:\Project\falcor\Falcor-m0,docs/research/ue-legacy-resource-identity.md,present,DOCUMENT,文档/历史证据,当前状态看本轮报告；旧记录不重写,,640a938a304ec7680396854534c78c185235834bde47d76fea037d3abc128322
E:\Project\falcor\Falcor-m0,docs/research/ue-legacy-schema/README.md,present,DOCUMENT,文档/历史证据,当前状态看本轮报告；旧记录不重写,,2651958f30ebd8900bae41f5862e864f8d001ad869ab311dcabb67285e725d7e
E:\Project\falcor\Falcor-m0,docs/research/ue-legacy-schema/defaultlit-oracle-result.json,present,DOCUMENT,文档/历史证据,当前状态看本轮报告；旧记录不重写,,3f89cb542fb6a825120c89d8a8e9ff55876f7443b8003445346e96a538403132
E:\Project\falcor\Falcor-m0,docs/research/ue-legacy-schema/schema-gpu-result.json,present,DOCUMENT,文档/历史证据,当前状态看本轮报告；旧记录不重写,,f2235109f3db6e599a7ec29ca504077d5793d3157b8f2f090a161ab6525cb11a
E:\Project\falcor\Falcor-m0,docs/research/ue-legacy-sky-light-consumer-inventory.md,present,DOCUMENT,文档/历史证据,当前状态看本轮报告；旧记录不重写,,c27ccaa53de7e892feb829849da5bcddeb9f5c43258aa433faa9b66a33c26d12
E:\Project\falcor\Falcor-m0,docs/research/ue-legacy-sky-light-resources.md,present,DOCUMENT,文档/历史证据,当前状态看本轮报告；旧记录不重写,,90c0c8e63841386be4cf0b61904a488a9dc56d7fffbf49a49b87324b65eaa440
E:\Project\falcor\Falcor-m0,docs/research/ue-legacy-sky-light-source-inventory.md,present,DOCUMENT,文档/历史证据,当前状态看本轮报告；旧记录不重写,,f07bf1987105ce03b3ef8428e91b3bc911d9be4c097f2c9bab505361cd527f28
E:\Project\falcor\Falcor-m0,docs/research/ue-legacy-source-project-inventory.md,present,DOCUMENT,文档/历史证据,当前状态看本轮报告；旧记录不重写,,5ed3b1fb6fdf663a7f03b3c3c81c94ed093bf0746025b54ba9d92f4c5226c1ed
E:\Project\falcor\Falcor-m0,docs/research/ue-legacy-source-reuse-result.json,present,DOCUMENT,文档/历史证据,当前状态看本轮报告；旧记录不重写,,bead67445b4a74cf62ea0af7126200b38cf96038b74dcd0e3dd572bcbeccfdb3
E:\Project\falcor\Falcor-m0,docs/research/ue-legacy-source-reuse.md,present,DOCUMENT,文档/历史证据,当前状态看本轮报告；旧记录不重写,,1e5eed9a6a1a8b1c6716ac87bcaf70ed918278894caf88cfd1fee865cdc60b73
E:\Project\falcor\Falcor-m0,docs/research/ue-legacy-stencil-precision-result.json,present,DOCUMENT,文档/历史证据,当前状态看本轮报告；旧记录不重写,,0e79f169724117c5a3edf96b334e5d8775e058f0ef314f5e29ceffda7c7b0400
E:\Project\falcor\Falcor-m0,docs/research/ue-legacy-stencil-precision.md,present,DOCUMENT,文档/历史证据,当前状态看本轮报告；旧记录不重写,,263326b0490324a25cb767c1413b38e7845fab9836b5f5e5630ef1c0a8d8d5ab
E:\Project\falcor\Falcor-m0,docs/research/ue-legacy-targetmap-native-scene.md,present,DOCUMENT,文档/历史证据,当前状态看本轮报告；旧记录不重写,,7d3a692023b14d2c016b529a7b78c67fe6540a7cf01e80ce40f5a57203a3a178
E:\Project\falcor\Falcor-m0,docs/research/ue-legacy-texture-views.md,present,DOCUMENT,文档/历史证据,当前状态看本轮报告；旧记录不重写,,96fa56150567f3208f405aa0e382eb447ea7db214fc05919c1ff90980b2dfc60
E:\Project\falcor\Falcor-m0,docs/research/ue-legacy-windows-stacktrace-fix.md,present,DOCUMENT,文档/历史证据,当前状态看本轮报告；旧记录不重写,,d2d68b9ef524cbb03662f81b94d89a17bc510e88f64eb2ae3e3adc833b44d36c
E:\Project\falcor\Falcor-m0,docs/superpowers/plans/2026-09-09-ue-legacy-adapter-fidelity.md,present,DOCUMENT,文档/历史证据,当前状态看本轮报告；旧记录不重写,,4c39f64b75f4fe861ed71c705fc967bc92c0840c5c6052d0090f992b29f3e664
E:\Project\falcor\Falcor-m0,docs/superpowers/plans/2026-09-09-ue-legacy-direct-lighting.md,present,DOCUMENT,文档/历史证据,当前状态看本轮报告；旧记录不重写,,1717d76706931701c7e2104991ddf599f398a46d74d136de2ea106e533ca9cc3
E:\Project\falcor\Falcor-m0,docs/superpowers/plans/2026-09-09-ue-legacy-m0.md,present,DOCUMENT,文档/历史证据,当前状态看本轮报告；旧记录不重写,,a2d562f9130ba89bf11cfa01ff84bd83794ac3b6f80e8178121082a0cc1deb2b
E:\Project\falcor\Falcor-m0,docs/superpowers/plans/2026-09-09-ue-legacy-m1.md,present,DOCUMENT,文档/历史证据,当前状态看本轮报告；旧记录不重写,,0dc9a24bbcd808a56dbd3c988eb68cd04a5677aeec3b8496b61c9caff83b188d
E:\Project\falcor\Falcor-m0,docs/superpowers/plans/2026-09-09-ue-legacy-mesh-acceptance.md,present,DOCUMENT,文档/历史证据,当前状态看本轮报告；旧记录不重写,,dce567f15937b93870c055d5e0cf1bc4a419c5fa7fe13cf0f8d6b80e43d1bc1c
E:\Project\falcor\Falcor-m0,docs/superpowers/plans/2026-09-09-ue-legacy-mesh-routing.md,present,DOCUMENT,文档/历史证据,当前状态看本轮报告；旧记录不重写,,02d099f2fbdb3c9288a8eb5a77f6127f2e248ee610a51a0084048bf39670926d
E:\Project\falcor\Falcor-m0,docs/superpowers/plans/2026-09-09-ue-legacy-model-codecs.md,present,DOCUMENT,文档/历史证据,当前状态看本轮报告；旧记录不重写,,0ab1a93d687520dd5bf66cd92c7ed40559f01ce814ede10e7a53490e652e58fd
E:\Project\falcor\Falcor-m0,docs/superpowers/plans/2026-09-09-ue-legacy-quantization-closure.md,present,DOCUMENT,文档/历史证据,当前状态看本轮报告；旧记录不重写,,4ecc7dbba834113ad08499f65ca57b76e75374f1d903398ebca9b27c20ed599d
E:\Project\falcor\Falcor-m0,docs/superpowers/plans/2026-09-09-ue-legacy-resource-identity.md,present,DOCUMENT,文档/历史证据,当前状态看本轮报告；旧记录不重写,,5702e66c58d704b49fbbc49753731066af93f2587489c209cf9db729cb733917
E:\Project\falcor\Falcor-m0,docs/superpowers/plans/2026-09-09-ue-legacy-schema-contract.md,present,DOCUMENT,文档/历史证据,当前状态看本轮报告；旧记录不重写,,1701a4d4fef6130b9aa434868cd47fdbc3c4c6af8397b89c2bf6eb1e839f3135
E:\Project\falcor\Falcor-m0,docs/superpowers/plans/2026-09-09-ue-legacy-stencil-readback.md,present,DOCUMENT,文档/历史证据,当前状态看本轮报告；旧记录不重写,,ead0e6510c0c51df34d5fe1021e2590aa7e919c5a2de43a58b48b11b2b5a31ab
E:\Project\falcor\Falcor-m0,docs/superpowers/plans/2026-09-10-automatic-exposure.md,present,DOCUMENT,文档/历史证据,当前状态看本轮报告；旧记录不重写,,320f2d902f41f659e325ffdcc391140ee73d64f88079bf455c79732d391b4e9a
E:\Project\falcor\Falcor-m0,docs/superpowers/plans/2026-09-10-auxiliary-mesh.md,present,DOCUMENT,文档/历史证据,当前状态看本轮报告；旧记录不重写,,b419c8d180c5a6cf9e2664dd21b655d98f59f07939611bc2f17943002a143b15
E:\Project\falcor\Falcor-m0,docs/superpowers/plans/2026-09-10-exposure-downsample.md,present,DOCUMENT,文档/历史证据,当前状态看本轮报告；旧记录不重写,,aeef46bbb1bcc0dd02c6c97cc9a89a00252d9763ca7e5df8fce19fbd70b204c4
E:\Project\falcor\Falcor-m0,docs/superpowers/plans/2026-09-10-framework-before-reproduction.md,present,DOCUMENT,文档/历史证据,当前状态看本轮报告；旧记录不重写,,328d0d7b9af13703d9c05c1496db0acfeb0f77243f09f629b958de0ab810f99b
E:\Project\falcor\Falcor-m0,docs/superpowers/plans/2026-09-10-native-hzb.md,present,DOCUMENT,文档/历史证据,当前状态看本轮报告；旧记录不重写,,93c9e3a6de3b4494c8779bc8c6947d2e1bd4b7fee59f878d98afe9289c5f9e83
E:\Project\falcor\Falcor-m0,docs/superpowers/plans/2026-09-10-output-observation.md,present,DOCUMENT,文档/历史证据,当前状态看本轮报告；旧记录不重写,,c0227706a7e81c0136c20a0afba49af877ec43813e8a0092114c52167f45442b
E:\Project\falcor\Falcor-m0,docs/superpowers/plans/2026-09-10-shader-executors.md,present,DOCUMENT,文档/历史证据,当前状态看本轮报告；旧记录不重写,,634141a2b85034094d064a310af1e3b74bb25198061130e15548fc7f0d641417
E:\Project\falcor\Falcor-m0,docs/superpowers/plans/2026-09-10-temporal-resources.md,present,DOCUMENT,文档/历史证据,当前状态看本轮报告；旧记录不重写,,aae388ef0aba9e8217ed186813fb256c39b402a41441fae9521a606b5318b099
E:\Project\falcor\Falcor-m0,docs/superpowers/plans/2026-09-10-ue-csm-projection.md,present,DOCUMENT,文档/历史证据,当前状态看本轮报告；旧记录不重写,,6dbb7571b7c87f3b5267a361f117cbb7d95bba5eda2e932e9216fa22e579c2ca
E:\Project\falcor\Falcor-m0,docs/superpowers/plans/2026-09-11-native-atmosphere-luts.md,present,DOCUMENT,文档/历史证据,当前状态看本轮报告；旧记录不重写,,85399e91f419b87696373eeb28dbe189636ef5db7212bda3fac8e8abe294dc11
E:\Project\falcor\Falcor-m0,docs/superpowers/plans/2026-09-11-native-sky-view.md,present,DOCUMENT,文档/历史证据,当前状态看本轮报告；旧记录不重写,,d9045dc459b05af2e321c85190d40c70db24b15068271edbffe69d2179563672
E:\Project\falcor\Falcor-m0,docs/superpowers/plans/2026-09-11-native-sun-setup.md,present,DOCUMENT,文档/历史证据,当前状态看本轮报告；旧记录不重写,,20ec7c0325d0e322d6784ff70fa53c92dbd25ed10932df164c20f319d89ff454
E:\Project\falcor\Falcor-m0,docs/superpowers/plans/2026-09-11-targetmap-native-scene.md,present,DOCUMENT,文档/历史证据,当前状态看本轮报告；旧记录不重写,,2b05e0226967d7bea326d7f72a257f346ab0c3f43ccab89c2e522ee1f738dd65
E:\Project\falcor\Falcor-m0,docs/superpowers/plans/2026-09-12-frame-readback-optimization.md,present,DOCUMENT,文档/历史证据,当前状态看本轮报告；旧记录不重写,,dd5f83b8441bf5c94e28ba0f6a639e7af126ce2caf519c6fb158fe713c17414f
E:\Project\falcor\Falcor-m0,docs/superpowers/plans/2026-09-12-fy1-deferred-hair.md,present,DOCUMENT,文档/历史证据,当前状态看本轮报告；旧记录不重写,,f2d62e83e09d7796a1233003573a91bd508fec3626b1aab1f02bbe9200c9c0bd
E:\Project\falcor\Falcor-m0,docs/superpowers/plans/2026-09-12-interactive-frame-performance.md,present,DOCUMENT,文档/历史证据,当前状态看本轮报告；旧记录不重写,,1ace6ec852b4ca4ba119f48598d1d29a4068880146ff7f4220eab3120c4cf123
E:\Project\falcor\Falcor-m0,docs/superpowers/plans/2026-09-12-native-gbuffer-reuse.md,present,DOCUMENT,文档/历史证据,当前状态看本轮报告；旧记录不重写,,cf7965974df71396402da2e97ed3e458c30da5d00044adda6815512c87072ef9
E:\Project\falcor\Falcor-m0,docs/superpowers/plans/2026-09-12-native-gbuffer-schema.md,present,DOCUMENT,文档/历史证据,当前状态看本轮报告；旧记录不重写,,9585de4cb25e978f214d6ab27cde99186437d58a85ddc0f9f33f0fc8c023adca
E:\Project\falcor\Falcor-m0,docs/superpowers/plans/2026-09-12-native-raster-draw-list.md,present,DOCUMENT,文档/历史证据,当前状态看本轮报告；旧记录不重写,,69e153b5aeeadd79f38ddcb6bce1b313985bdde7fc8ee28497cc4fdd002e5d28
E:\Project\falcor\Falcor-m0,docs/superpowers/plans/2026-09-12-native-sky-light.md,present,DOCUMENT,文档/历史证据,当前状态看本轮报告；旧记录不重写,,b82cfa3e7f7a4dec7accba7589efce199567e86702d20caa5e600ba38c021aea
E:\Project\falcor\Falcor-m0,docs/superpowers/plans/2026-09-12-v4-schema-observer.md,present,DOCUMENT,文档/历史证据,当前状态看本轮报告；旧记录不重写,,65263e23dce8e91f8f035f017612f413d119b88787fffd91b442819a210ba45a
E:\Project\falcor\Falcor-m0,docs/superpowers/plans/2026-09-13-native-pass-migration.md,present,DOCUMENT,文档/历史证据,当前状态看本轮报告；旧记录不重写,,b237c5a6a1b232a7f9689e9168b9a578f8bd13cc12c9d83dabb4c7d350d53488
E:\Project\falcor\Falcor-m0,docs/superpowers/plans/2026-09-13-v5-native-observer-ui.md,present,DOCUMENT,文档/历史证据,当前状态看本轮报告；旧记录不重写,,11b108bfe4ef520ace3495974f06c90ff058920eb9ccd858ae02822d12e60949
E:\Project\falcor\Falcor-m0,docs/superpowers/plans/2026-09-14-resources-history-retirement.md,present,DOCUMENT,文档/历史证据,当前状态看本轮报告；旧记录不重写,,082f241145c1a31d150213cb57275aa3e69dfa66e8e0f8c1d5dd0f5a73546262
E:\Project\falcor\Falcor-m0,docs/superpowers/specs/2026-09-12-fy1-deferred-hair.md,present,DOCUMENT,文档/历史证据,当前状态看本轮报告；旧记录不重写,,deff5d3b1c2a20f2dfa3a55c56571dc1d6ecbb44bbf110056c45696f7545839d
E:\Project\falcor\Falcor-m0,docs/superpowers/specs/2026-09-12-native-gbuffer-schema-design.md,present,DOCUMENT,文档/历史证据,当前状态看本轮报告；旧记录不重写,,af615815a9375ce0e407d1a947ad7d62c00f5c2aeb2aae1d4ae3830dce679f14
E:\Project\falcor\Falcor-m0,docs/superpowers/specs/2026-09-12-v4-schema-observer-design.md,present,DOCUMENT,文档/历史证据,当前状态看本轮报告；旧记录不重写,,2dd116438cd59b0391bf93dda828e596d4e520f01f736573b41ef87bc7212ed2
E:\Project\falcor\Falcor-m0,docs/superpowers/specs/2026-09-13-native-pass-migration-design.md,present,DOCUMENT,文档/历史证据,当前状态看本轮报告；旧记录不重写,,13425b3acb82f3b01da3950e2d8a0fabc13be38602f27edb8f374dd7152f8a1c
E:\Project\falcor\Falcor-m0,docs/superpowers/specs/2026-09-13-v5-native-observer-ui.md,present,DOCUMENT,文档/历史证据,当前状态看本轮报告；旧记录不重写,,41ab171e595c6b7ec0209713805f25d27da74ef71e389f341c15ada390539a69
E:\Project\falcor\Falcor-m0,docs/superpowers/specs/2026-09-14-resources-history-retirement-design.md,present,DOCUMENT,文档/历史证据,当前状态看本轮报告；旧记录不重写,,ec23382644eb43e211add7d03ad37a529dcbf0f8644ddab98667a84b5c9b12f4
E:\Project\falcor\Falcor-m0,external/include/backward/backward.hpp,present,KEEP_CORE,原生核心扩展/修复,现用能力保留；旧策略钩子按 hunk 单独清理,R4/R5/S4/V5/C2,5dc9ccf77294768296ddef8a8affe04aea557e19d36766f025ecb796eea5461d
E:\Project\falcor\Falcor-m0,findings.md,present,DOCUMENT,文档/历史证据,当前状态看本轮报告；旧记录不重写,,0a05c48523b69242ea453ae0f3dd3c079bf5cbd127cc8fafca047142b59bf606
E:\Project\falcor\Falcor-m0,progress.md,present,DOCUMENT,文档/历史证据,当前状态看本轮报告；旧记录不重写,,7fb5bd845de224b0f06400e80e89d808d5b28d8e3add1f5f5fb3aa8c511e01d1
E:\Project\falcor\Falcor-m0,scripts/customrenderpipline/_extract_rdc_lighting_replay.py,present,REFERENCE,算法/数据/离线工具/研究图,保留算法来源；旧图 JSON 不承诺可在新 runtime 原样执行,A1.3b/F1,88fab2c68b63d837a9df090dde4afd3405d7b3b1d4c997a6923422c2ec075bfe
E:\Project\falcor\Falcor-m0,scripts/customrenderpipline/_extract_rdc_pixel_history_replay.py,present,REFERENCE,算法/数据/离线工具/研究图,保留算法来源；旧图 JSON 不承诺可在新 runtime 原样执行,A1.3b/F1,73965865652117dc865e8e3537946134457fb5d57119da0e91e30d97a1c399e4
E:\Project\falcor\Falcor-m0,scripts/customrenderpipline/_extract_rdc_scene_replay.py,present,REFERENCE,算法/数据/离线工具/研究图,保留算法来源；旧图 JSON 不承诺可在新 runtime 原样执行,A1.3b/F1,cf9767a94873e0eacc83a6c1e0a693910814b95f9076b877b1b274e7f3765894
E:\Project\falcor\Falcor-m0,scripts/customrenderpipline/_probe_rdc_pixel_replay.py,present,REFERENCE,算法/数据/离线工具/研究图,保留算法来源；旧图 JSON 不承诺可在新 runtime 原样执行,A1.3b/F1,df6205ec1d616a90cc2ad52de85b1401eaff5a78014f6406508cdf12260101cf
E:\Project\falcor\Falcor-m0,scripts/customrenderpipline/_screen_vector_replay.py,present,REFERENCE,算法/数据/离线工具/研究图,保留算法来源；旧图 JSON 不承诺可在新 runtime 原样执行,A1.3b/F1,f32fe45f80b4d3b1632b724d185f2da3ec32fe0cc89e8cc5c8579c890770669c
E:\Project\falcor\Falcor-m0,scripts/customrenderpipline/adapter_resource_identity_smoke.py,removed,REMOVED,已归档退役路径,本轮或前轮已移除；准确批次见 retirement manifests,,4442a488bceef26b94093f824993ee710ebf01b0f31cbfd71cccffee6153c1bf
E:\Project\falcor\Falcor-m0,scripts/customrenderpipline/adapter_smoke.py,removed,REMOVED,已归档退役路径,本轮或前轮已移除；准确批次见 retirement manifests,,25693bb7cac1523b512d834f6bcccbef1aa846f8d1ba15438dc12299f7644516
E:\Project\falcor\Falcor-m0,scripts/customrenderpipline/adapter_view_smoke.py,removed,REMOVED,已归档退役路径,本轮或前轮已移除；准确批次见 retirement manifests,,2d8bcb3a42dfb77e3cf92704fa66e2dd8ac57a4ec10fe29d3a9a7ed79d18ec3a
E:\Project\falcor\Falcor-m0,scripts/customrenderpipline/analyze_lighting_ps_prefix.py,present,REFERENCE,算法/数据/离线工具/研究图,保留算法来源；旧图 JSON 不承诺可在新 runtime 原样执行,A1.3b/F1,cc3957dd2c1db3b44c68473776ce624363bfa4dd3618bad31215edeeef5b8b3e
E:\Project\falcor\Falcor-m0,scripts/customrenderpipline/analyze_pixel_trace.py,present,REFERENCE,算法/数据/离线工具/研究图,保留算法来源；旧图 JSON 不承诺可在新 runtime 原样执行,A1.3b/F1,d62e7bcd01a623999fbb0244367e245f413c1795f4749c9bdf15d215286da762
E:\Project\falcor\Falcor-m0,scripts/customrenderpipline/analyze_vertex_fidelity.py,present,REFERENCE,算法/数据/离线工具/研究图,保留算法来源；旧图 JSON 不承诺可在新 runtime 原样执行,A1.3b/F1,89bcb8f36d4b509022987d3a9f802ff879ed7b2cd1c39e3ab21840ff1a51fae6
E:\Project\falcor\Falcor-m0,scripts/customrenderpipline/asset_source_smoke.py,removed,REMOVED,已归档退役路径,本轮或前轮已移除；准确批次见 retirement manifests,,5c61a92a10dc5d3a78f0dbb5284f5d0a4546ddc361e9216e7ab933df73dd98f3
E:\Project\falcor\Falcor-m0,scripts/customrenderpipline/atmosphere.py,present,REFERENCE,算法/数据/离线工具/研究图,保留算法来源；旧图 JSON 不承诺可在新 runtime 原样执行,A1.3b/F1,79648b8f8f4619d095a7373b508c65775a23ea0ebfe4ebb77b7f35d2ade2ec0d
E:\Project\falcor\Falcor-m0,scripts/customrenderpipline/atmosphere_gpu_smoke.py,removed,REMOVED,已归档退役路径,本轮或前轮已移除；准确批次见 retirement manifests,,1773a1b062d43b99f087009d700c9b7e705810bf6eca6fa3978170e6aca76a63
E:\Project\falcor\Falcor-m0,scripts/customrenderpipline/atmosphere_mutation_smoke.py,removed,REMOVED,已归档退役路径,本轮或前轮已移除；准确批次见 retirement manifests,,f0b1afe96dfa828e4d95c164dc6fbb9a9a6b9660cad2c36d9cdb9243781ac195
E:\Project\falcor\Falcor-m0,scripts/customrenderpipline/atmosphere_reference.py,present,REFERENCE,算法/数据/离线工具/研究图,保留算法来源；旧图 JSON 不承诺可在新 runtime 原样执行,A1.3b/F1,9efc5d8c100a2ea96bb2a53f79ab01bd95326e59d7c2030ac5553e522613adf3
E:\Project\falcor\Falcor-m0,scripts/customrenderpipline/atmosphere_validation.py,present,REFERENCE,算法/数据/离线工具/研究图,保留算法来源；旧图 JSON 不承诺可在新 runtime 原样执行,A1.3b/F1,f9a345c2c5f062400aa20efa41e93fd1b2c86a58da836208d432ff195f801125
E:\Project\falcor\Falcor-m0,scripts/customrenderpipline/auxiliary_mesh_smoke.py,removed,REMOVED,已归档退役路径,本轮或前轮已移除；准确批次见 retirement manifests,,4dca34a076f28c852f548f2042c4879d18adf0476350f74c10e4febc1ac296df
E:\Project\falcor\Falcor-m0,scripts/customrenderpipline/auxiliary_mesh_validation_smoke.py,removed,REMOVED,已归档退役路径,本轮或前轮已移除；准确批次见 retirement manifests,,043583a33b607036d4f7a417c1e4cebbcafa72f59c3c37a0ea85b2e7b4ad3329
E:\Project\falcor\Falcor-m0,scripts/customrenderpipline/build_fy1_hair_case.py,present,REFERENCE,算法/数据/离线工具/研究图,保留算法来源；旧图 JSON 不承诺可在新 runtime 原样执行,A1.3b/F1,d9dafde6ebe32148aed80e33c34e27f740baf12c6dfe9e5a8ef74910e6727263
E:\Project\falcor\Falcor-m0,scripts/customrenderpipline/build_targetmap_scene.py,present,REFERENCE,算法/数据/离线工具/研究图,保留算法来源；旧图 JSON 不承诺可在新 runtime 原样执行,A1.3b/F1,cb5954c9043bd6112109c5764afaa882a3861d92dfd6591b675461de5282fafb
E:\Project\falcor\Falcor-m0,scripts/customrenderpipline/build_ue_reference.py,removed,REMOVED,已归档退役路径,本轮或前轮已移除；准确批次见 retirement manifests,,052362cfd8844304175ed6b93f2d4af666973fa640f5969bba4516e1b324955b
E:\Project\falcor\Falcor-m0,scripts/customrenderpipline/candidate_ps_input_proof.py,removed,REMOVED,已归档退役路径,本轮或前轮已移除；准确批次见 retirement manifests,,ea6647fa29e016d399d9d8bd032590b118aaf77cb94d7c3d2cec47e05f9856dd
E:\Project\falcor\Falcor-m0,scripts/customrenderpipline/capsule_lighting_smoke.py,present,KEEP_TEST,保留测试/独立数学/验证工具,执行范围看最终证据；不等同所有研究效果验收,Q1,c812daa19f076adafde0fd9ac0654e2f1b15d2661c985e31c4c74bf4d38bf4a6
E:\Project\falcor\Falcor-m0,scripts/customrenderpipline/coat_skin_defaultlit_regression.py,removed,REMOVED,已归档退役路径,本轮或前轮已移除；准确批次见 retirement manifests,,7c0a26d03e6835b835924c757a8eba500ea8eb90d71b0c76873e43142deca38d
E:\Project\falcor\Falcor-m0,scripts/customrenderpipline/coat_skin_lighting_pass_smoke.py,removed,REMOVED,已归档退役路径,本轮或前轮已移除；准确批次见 retirement manifests,,a8bb8ab0f53abe9cf71240fc448459b6566e1d52c18e96bc908c134bf45e3c9b
E:\Project\falcor\Falcor-m0,scripts/customrenderpipline/coat_skin_lighting_smoke.py,removed,REMOVED,已归档退役路径,本轮或前轮已移除；准确批次见 retirement manifests,,643e12c221bb99207dce7220e1e35dcfce7f130ac8242f307bf1d4a2ed75b23b
E:\Project\falcor\Falcor-m0,scripts/customrenderpipline/coat_skin_oracle.py,present,REFERENCE,算法/数据/离线工具/研究图,保留算法来源；旧图 JSON 不承诺可在新 runtime 原样执行,A1.3b/F1,32ec89f7c896b3818d00e7f042cf5e6be6d52b2ef99d33d096602e57484ed02c
E:\Project\falcor\Falcor-m0,scripts/customrenderpipline/compare_rdc_gbuffer.py,present,REFERENCE,算法/数据/离线工具/研究图,保留算法来源；旧图 JSON 不承诺可在新 runtime 原样执行,A1.3b/F1,6a384bf489ef73da94d271f73f322d450022fb2a0cc6085f7f1d94450be8b672
E:\Project\falcor\Falcor-m0,scripts/customrenderpipline/csm_setup_math.py,present,REFERENCE,算法/数据/离线工具/研究图,保留算法来源；旧图 JSON 不承诺可在新 runtime 原样执行,A1.3b/F1,97b69ae98a9915661944b9e6a4e12e8240bb2aeacfdfa70bb876073eee88fcb7
E:\Project\falcor\Falcor-m0,scripts/customrenderpipline/dbuffer_identity_smoke.py,removed,REMOVED,已归档退役路径,本轮或前轮已移除；准确批次见 retirement manifests,,34e94c2c4db45cac3fd80569eb4b5d4d5b6d85c39cf214577f131cd6970baf65
E:\Project\falcor\Falcor-m0,scripts/customrenderpipline/declared_native_identity_smoke.py,removed,REMOVED,已归档退役路径,本轮或前轮已移除；准确批次见 retirement manifests,,6fbee4f155ecf3f096c14f7f5e744eb5bc768857ee6019506c5200aac64ceaec
E:\Project\falcor\Falcor-m0,scripts/customrenderpipline/declared_pipeline_smoke.py,removed,REMOVED,已归档退役路径,本轮或前轮已移除；准确批次见 retirement manifests,,b76aaec8c9b13e0d3384cd790875db94236c685828864bde7b87ab5cc33ef385
E:\Project\falcor\Falcor-m0,scripts/customrenderpipline/direct_lighting_smoke.py,removed,REMOVED,已归档退役路径,本轮或前轮已移除；准确批次见 retirement manifests,,66f4a8ae77a33218baba33e9b8bf674d6a65aeafe6925a3dac6b7daecdc1bbda
E:\Project\falcor\Falcor-m0,scripts/customrenderpipline/downsample.py,present,REFERENCE,算法/数据/离线工具/研究图,保留算法来源；旧图 JSON 不承诺可在新 runtime 原样执行,A1.3b/F1,5de24e2eca6d82746e3aea33dd7783e3fa2ff6d44be55ced89603dcab4181cf4
E:\Project\falcor\Falcor-m0,scripts/customrenderpipline/downsample_gpu_smoke.py,removed,REMOVED,已归档退役路径,本轮或前轮已移除；准确批次见 retirement manifests,,29e833ec51f820f7fdd503fff85d67a5e9e87b22e47f6422d72fdcd4b02785d7
E:\Project\falcor\Falcor-m0,scripts/customrenderpipline/downsample_reference.py,present,REFERENCE,算法/数据/离线工具/研究图,保留算法来源；旧图 JSON 不承诺可在新 runtime 原样执行,A1.3b/F1,0ab240ef28b0c8d5e382ddb4807b2b44811482d6819f1397068817e9d701308f
E:\Project\falcor\Falcor-m0,scripts/customrenderpipline/examples/minimal/Pipeline.json,present,REFERENCE,算法/数据/离线工具/研究图,保留算法来源；旧图 JSON 不承诺可在新 runtime 原样执行,A1.3b/F1,d83ff15de9e7c6419cbc117a9c4a99055a086e51637d86eea4d5921badae9560
E:\Project\falcor\Falcor-m0,scripts/customrenderpipline/examples/minimal/passes/Grade.json,present,REFERENCE,算法/数据/离线工具/研究图,保留算法来源；旧图 JSON 不承诺可在新 runtime 原样执行,A1.3b/F1,22ce1b3e2c9ef6426d6174897512b81290e73638f00c8cc1f8224d25d631c5a2
E:\Project\falcor\Falcor-m0,scripts/customrenderpipline/examples/minimal/passes/Grade.slang,present,REFERENCE,算法/数据/离线工具/研究图,保留算法来源；旧图 JSON 不承诺可在新 runtime 原样执行,A1.3b/F1,eec5f647d72333e36edd97c280c1b83df26f29d9613528737a6466c8e393fc7d
E:\Project\falcor\Falcor-m0,scripts/customrenderpipline/examples/minimal/passes/Pattern.json,present,REFERENCE,算法/数据/离线工具/研究图,保留算法来源；旧图 JSON 不承诺可在新 runtime 原样执行,A1.3b/F1,5128b81639317bb5070d3d9f63ad4fbd0ce45f3bcfd70f2636aa1d04fceb1276
E:\Project\falcor\Falcor-m0,scripts/customrenderpipline/examples/minimal/passes/Pattern.slang,present,REFERENCE,算法/数据/离线工具/研究图,保留算法来源；旧图 JSON 不承诺可在新 runtime 原样执行,A1.3b/F1,d220d7a9a180fecd5fad3aaed8b6716470cb6aec56c9cdacaa3f3c7f4691eb25
E:\Project\falcor\Falcor-m0,scripts/customrenderpipline/examples/native_gbuffer/Packed.json,present,KEEP_NATIVE,新原生示例/codec,保留，按对应说明运行,,1cf6a499768cf6e0fe8e185fe7827c2ac44d7769ae5a3e1f2c0c90b81bab62f8
E:\Project\falcor\Falcor-m0,scripts/customrenderpipline/examples/native_passes/Combine.slang,present,KEEP_NATIVE,新原生示例/codec,保留，按对应说明运行,,40ad93f90acf39de9942d1c389d4f96aa6c16822d739ea0bdc8bd5b5ad9091a3
E:\Project\falcor\Falcor-m0,scripts/customrenderpipline/examples/native_passes/Fullscreen.json,present,KEEP_NATIVE,新原生示例/codec,保留，按对应说明运行,,c41455732ce7f0136e4b10bba51d60c78be79f58edd00386d265f51527824b51
E:\Project\falcor\Falcor-m0,scripts/customrenderpipline/examples/native_passes/Fullscreen.slang,present,KEEP_NATIVE,新原生示例/codec,保留，按对应说明运行,,64160cb7c2d6be0d088ecdce384d07a247b75488b89459fc161736680f11df01
E:\Project\falcor\Falcor-m0,scripts/customrenderpipline/examples/native_passes/Graph.json,present,KEEP_NATIVE,新原生示例/codec,保留，按对应说明运行,,bedf5b3df3aa95d6395c56f72a16b0ad60c0c3e14f29153c5f4fc8ff123d3a8d
E:\Project\falcor\Falcor-m0,scripts/customrenderpipline/examples/native_passes/Mesh.json,present,KEEP_NATIVE,新原生示例/codec,保留，按对应说明运行,,8e29518defc8361d494f24715f45211d05fc078367df890667cad512c442c430
E:\Project\falcor\Falcor-m0,scripts/customrenderpipline/examples/native_passes/Mesh.slang,present,KEEP_NATIVE,新原生示例/codec,保留，按对应说明运行,,8d5b31e30b2b59687a468e7e411f82fce29cd25ae8d15c54dc5d3b73f9410e4a
E:\Project\falcor\Falcor-m0,scripts/customrenderpipline/examples/native_resources/Accumulate.slang,present,KEEP_NATIVE,新原生示例/codec,保留，按对应说明运行,,8fc67fba70bd6124440891bc2480fbfbaac3c11675fefb4e7f32dc9efa648182
E:\Project\falcor\Falcor-m0,scripts/customrenderpipline/examples/native_resources/Graph.json,present,KEEP_NATIVE,新原生示例/codec,保留，按对应说明运行,,224db037ac3f6ad7ca38a70071e2e30e0fb50502708496948dee3c3b72ab3765
E:\Project\falcor\Falcor-m0,scripts/customrenderpipline/examples/schema_gbuffer/Material.slangh,present,KEEP_NATIVE,新原生示例/codec,保留，按对应说明运行,,4cbde9789ccd33542de21396517310a2c234faeb46a7892afacb458ff2b76e5f
E:\Project\falcor\Falcor-m0,scripts/customrenderpipline/examples/schema_gbuffer/Scene.pyscene,present,KEEP_NATIVE,新原生示例/codec,保留，按对应说明运行,,6790c297ff27bc33f8019080dc64ab106b60fc9632651eccd63a8359ac631407
E:\Project\falcor\Falcor-m0,scripts/customrenderpipline/examples/schema_gbuffer/Schema.json,present,KEEP_NATIVE,新原生示例/codec,保留，按对应说明运行,,22bec13b2c07a45d2725ffab95d919bd02578f910b1e5b8cfacf699325118e7f
E:\Project\falcor\Falcor-m0,scripts/customrenderpipline/examples/schema_gbuffer/SurfaceCodec.slangh,present,KEEP_NATIVE,新原生示例/codec,保留，按对应说明运行,,bf87fafbd359910053d0f21d051579fcfe77644daabb075fa451c03097de159a
E:\Project\falcor\Falcor-m0,scripts/customrenderpipline/export_atmosphere_source.py,present,REFERENCE,算法/数据/离线工具/研究图,保留算法来源；旧图 JSON 不承诺可在新 runtime 原样执行,A1.3b/F1,99d9bcc1862f25b659654ee34da98bbd1b6b51df47b5e63966227dfd879f551f
E:\Project\falcor\Falcor-m0,scripts/customrenderpipline/export_engine_mesh_assets.py,present,REFERENCE,算法/数据/离线工具/研究图,保留算法来源；旧图 JSON 不承诺可在新 runtime 原样执行,A1.3b/F1,8615093bfc1f0a349dd80bc4ac82366497cb13f1a566669c38714aaa7f54c7c9
E:\Project\falcor\Falcor-m0,scripts/customrenderpipline/export_shadow_source.py,present,REFERENCE,算法/数据/离线工具/研究图,保留算法来源；旧图 JSON 不承诺可在新 runtime 原样执行,A1.3b/F1,ea718308ef23239cd7dd3d6628d386aa0de85c7b73ce475c0bc60d6097708d3d
E:\Project\falcor\Falcor-m0,scripts/customrenderpipline/export_sky_light_brdf_source.py,present,REFERENCE,算法/数据/离线工具/研究图,保留算法来源；旧图 JSON 不承诺可在新 runtime 原样执行,A1.3b/F1,0058e1694f9b9d69c1f58a97a11ae20755f0e79b6d4664953cd18d453ef0f5ff
E:\Project\falcor\Falcor-m0,scripts/customrenderpipline/export_sky_light_lighting_source.py,present,REFERENCE,算法/数据/离线工具/研究图,保留算法来源；旧图 JSON 不承诺可在新 runtime 原样执行,A1.3b/F1,9927e27cd85afbcdb17aa35d79d5b762a562e11a2d1415f2f4ff849281fffe09
E:\Project\falcor\Falcor-m0,scripts/customrenderpipline/export_sky_light_source.py,present,REFERENCE,算法/数据/离线工具/研究图,保留算法来源；旧图 JSON 不承诺可在新 runtime 原样执行,A1.3b/F1,b2a1b7058259cc556b2f4695b37e4f3152a7b791165a2777d7a52479a37da12e
E:\Project\falcor\Falcor-m0,scripts/customrenderpipline/export_sky_material_source.py,present,REFERENCE,算法/数据/离线工具/研究图,保留算法来源；旧图 JSON 不承诺可在新 runtime 原样执行,A1.3b/F1,ce5841d44017e943df689abe6ace64dbe8caaec2c03418a86d4f53004cb0d39e
E:\Project\falcor\Falcor-m0,scripts/customrenderpipline/export_sky_view_lut_source.py,present,REFERENCE,算法/数据/离线工具/研究图,保留算法来源；旧图 JSON 不承诺可在新 runtime 原样执行,A1.3b/F1,966894d1d688b8a9a0b8aded2140139030c221601adb38af98aca3496810dde8
E:\Project\falcor\Falcor-m0,scripts/customrenderpipline/export_sky_view_source.py,present,REFERENCE,算法/数据/离线工具/研究图,保留算法来源；旧图 JSON 不承诺可在新 runtime 原样执行,A1.3b/F1,fbecf2e536bb7e8b1771b6b95eb76d417a9ca854194f8cd5fc45cbde11b98407
E:\Project\falcor\Falcor-m0,scripts/customrenderpipline/export_sun_setup_source.py,present,REFERENCE,算法/数据/离线工具/研究图,保留算法来源；旧图 JSON 不承诺可在新 runtime 原样执行,A1.3b/F1,f733f5b8018a155798acbda835e7dbf58bd786982ec71d086008ed90b5fe5158
E:\Project\falcor\Falcor-m0,scripts/customrenderpipline/exposure.py,present,REFERENCE,算法/数据/离线工具/研究图,保留算法来源；旧图 JSON 不承诺可在新 runtime 原样执行,A1.3b/F1,24244c9a359252acc2ba9ba26e07c3c4655e9f45ea446f2680a320b6d4281cc3
E:\Project\falcor\Falcor-m0,scripts/customrenderpipline/exposure_gpu_smoke.py,removed,REMOVED,已归档退役路径,本轮或前轮已移除；准确批次见 retirement manifests,,785093cf442a4c41aa40398e227268a5b50ec6d293afa142224016fe7c1a61b1
E:\Project\falcor\Falcor-m0,scripts/customrenderpipline/exposure_graph.py,present,REFERENCE,算法/数据/离线工具/研究图,保留算法来源；旧图 JSON 不承诺可在新 runtime 原样执行,A1.3b/F1,6f3c009a54edf082813041bdbaf5b2b48ae60858765d7fed2ce1c4989201eb63
E:\Project\falcor\Falcor-m0,scripts/customrenderpipline/exposure_reference.py,present,REFERENCE,算法/数据/离线工具/研究图,保留算法来源；旧图 JSON 不承诺可在新 runtime 原样执行,A1.3b/F1,6d4efbf6f7631015cabd5a9272eaf178b1e861a6d5b95fdc6af13e25be51a515
E:\Project\falcor\Falcor-m0,scripts/customrenderpipline/extensions/__init__.py,removed,REMOVED,已归档退役路径,本轮或前轮已移除；准确批次见 retirement manifests,,d8986a99edd76432248e4010d9964a133d8c7e82a11133765a682d131c9be913
E:\Project\falcor\Falcor-m0,scripts/customrenderpipline/extensions/ue_reference/__init__.py,removed,REMOVED,已归档退役路径,本轮或前轮已移除；准确批次见 retirement manifests,,a15f762914a1ef4fbeb686e435e96b1f6d70aa09cb92f84a5678a9a19eb0d36c
E:\Project\falcor\Falcor-m0,scripts/customrenderpipline/extensions/ue_reference/pipeline.py,removed,REMOVED,已归档退役路径,本轮或前轮已移除；准确批次见 retirement manifests,,6cc7e7b35889d22827abbb21158b8a6d5a2efe5cd2a13052e30b27c501924a19
E:\Project\falcor\Falcor-m0,scripts/customrenderpipline/extensions/ue_reference/transaction.py,removed,REMOVED,已归档退役路径,本轮或前轮已移除；准确批次见 retirement manifests,,3d67b7e7869f51cb1d7ce20584d810ccbfa856482b31b1cf4260f9d508d34d89
E:\Project\falcor\Falcor-m0,scripts/customrenderpipline/extract_rdc_lighting.py,present,REFERENCE,算法/数据/离线工具/研究图,保留算法来源；旧图 JSON 不承诺可在新 runtime 原样执行,A1.3b/F1,c3c59e25562191ca40cebae90c6d4e4b22f8b5885589300cc7cb0caade39cbf2
E:\Project\falcor\Falcor-m0,scripts/customrenderpipline/extract_rdc_pixel_history.py,present,REFERENCE,算法/数据/离线工具/研究图,保留算法来源；旧图 JSON 不承诺可在新 runtime 原样执行,A1.3b/F1,18a8bb0dd84c216c714b82e595e7e6aa20f0bab7258d7d22e7da026ccd19ade8
E:\Project\falcor\Falcor-m0,scripts/customrenderpipline/extract_rdc_scene.py,present,REFERENCE,算法/数据/离线工具/研究图,保留算法来源；旧图 JSON 不承诺可在新 runtime 原样执行,A1.3b/F1,e41660707885b73ccae9d2d421e92a8e6df8da3948bce38251c339c93ea138a6
E:\Project\falcor\Falcor-m0,scripts/customrenderpipline/frame_exposure_consumers_smoke.py,removed,REMOVED,已归档退役路径,本轮或前轮已移除；准确批次见 retirement manifests,,09bf5d037e715ba12b3cbc258ba8198091cc96f03fdf823295e56c7772cba0a6
E:\Project\falcor\Falcor-m0,scripts/customrenderpipline/frame_exposure_history_smoke.py,removed,REMOVED,已归档退役路径,本轮或前轮已移除；准确批次见 retirement manifests,,5a49f9385a1b0afd383f27698acc5ab9ed83a76aea5c0efa666c6fe09f66f274
E:\Project\falcor\Falcor-m0,scripts/customrenderpipline/framework_smoke.py,removed,REMOVED,已归档退役路径,本轮或前轮已移除；准确批次见 retirement manifests,,636c5e9f26b49a36b0d8a1b5e09b856a4c536e5ede590381693aa155498d4bf6
E:\Project\falcor\Falcor-m0,scripts/customrenderpipline/fullscreen_write_mask_smoke.py,removed,REMOVED,已归档退役路径,本轮或前轮已移除；准确批次见 retirement manifests,,4f8b3d87a20291af09bbb8a93e8f7ae45d2125b99b1c647120b13eada8a6d1b3
E:\Project\falcor\Falcor-m0,scripts/customrenderpipline/fy1_hair_lighting_smoke.py,removed,REMOVED,已归档退役路径,本轮或前轮已移除；准确批次见 retirement manifests,,f08e711dfde9f575a4c4f5fdda08f701c634c61513c8dc3675d51347394cdb61
E:\Project\falcor\Falcor-m0,scripts/customrenderpipline/gbuffer_codegen.py,present,KEEP_NATIVE,原生入口/Schema/观察,现用，不依赖旧运行框架,R4/Q1,bc785b45e82e2c9d51ccc4c00efbee31cb6d6abb9af3446772c2c231a06d775b
E:\Project\falcor\Falcor-m0,scripts/customrenderpipline/gbuffer_schema.py,present,KEEP_NATIVE,原生入口/Schema/观察,现用，不依赖旧运行框架,R4/Q1,940f89a206b3420f9e67104f65b922eb2feebb3669c15cc9c5eb7fb9f4933307
E:\Project\falcor\Falcor-m0,scripts/customrenderpipline/generate_native_gbuffer.py,present,KEEP_NATIVE,原生入口/Schema/观察,现用，不依赖旧运行框架,R4/Q1,1ab02da49453aa1509d2d38124bd3c68c67262ef22671da7fb6fc1f29b1126a8
E:\Project\falcor\Falcor-m0,scripts/customrenderpipline/generate_schema.py,removed,REMOVED,已归档退役路径,本轮或前轮已移除；准确批次见 retirement manifests,,a03dcf41eb6bd073db39718c0f4eeae1de9ac135779413fada56ac5cff00c6af
E:\Project\falcor\Falcor-m0,scripts/customrenderpipline/group_dispatch_smoke.py,removed,REMOVED,已归档退役路径,本轮或前轮已移除；准确批次见 retirement manifests,,d01b074cbf774cbdc875461b9ef2928e56504850bac2458091c05fed66581a09
E:\Project\falcor\Falcor-m0,scripts/customrenderpipline/history_resources_smoke.py,removed,REMOVED,已归档退役路径,本轮或前轮已移除；准确批次见 retirement manifests,,7d08384369037a59767ce21bc83da1ebf3ea14b7ba575619036ce281597a4e5c
E:\Project\falcor\Falcor-m0,scripts/customrenderpipline/history_state.py,removed,REMOVED,已归档退役路径,本轮或前轮已移除；准确批次见 retirement manifests,,b58cdd4bfa0b3667bd6255a20eda121c3204e3beb8ca0e4b142ed57b0d57e4d1
E:\Project\falcor\Falcor-m0,scripts/customrenderpipline/immutable_compute_cache_fixture.py,present,KEEP_NATIVE,原生入口/Schema/观察,现用，不依赖旧运行框架,R4/Q1,f16c5970e430b6a1513539e30d4c0fac9e7f6ab63e33d7d1e062b43ff33be33e
E:\Project\falcor\Falcor-m0,scripts/customrenderpipline/immutable_compute_cache_smoke.py,removed,REMOVED,已归档退役路径,本轮或前轮已移除；准确批次见 retirement manifests,,7d5d2a8ef09d05ff4623f72cb81ecda6d79618e13e15466ad8c1975de2daac02
E:\Project\falcor\Falcor-m0,scripts/customrenderpipline/import_ue_brdf.py,present,REFERENCE,算法/数据/离线工具/研究图,保留算法来源；旧图 JSON 不承诺可在新 runtime 原样执行,A1.3b/F1,c4ad7469b350467bd0e72fad9922f542e65f9a98aafd24845679db9647affe91
E:\Project\falcor\Falcor-m0,scripts/customrenderpipline/import_ue_lighting.py,present,REFERENCE,算法/数据/离线工具/研究图,保留算法来源；旧图 JSON 不承诺可在新 runtime 原样执行,A1.3b/F1,53e87d681dafb359fe8e4a9b1f68932fcdac3cd66531832e14d2c6c7d2d5c14d
E:\Project\falcor\Falcor-m0,scripts/customrenderpipline/inspect_cli.py,present,KEEP_NATIVE,原生入口/Schema/观察,现用，不依赖旧运行框架,R4/Q1,bfae4b5f22376ca90fdb2c54f5956a4532a97d1506f2b30bb6ae59387cad4767
E:\Project\falcor\Falcor-m0,scripts/customrenderpipline/inspect_targetmap.py,present,REFERENCE,算法/数据/离线工具/研究图,保留算法来源；旧图 JSON 不承诺可在新 runtime 原样执行,A1.3b/F1,6978728e3361419e20abdff2141e7fc0dd6ef36d0bf6b4b3ff38c859e8b7c69e
E:\Project\falcor\Falcor-m0,scripts/customrenderpipline/light_terms_smoke.py,present,KEEP_TEST,保留测试/独立数学/验证工具,执行范围看最终证据；不等同所有研究效果验收,Q1,13e6056ac05cd0552178a211d556d719c41bc077060e5d3174f769f7c57dc467
E:\Project\falcor\Falcor-m0,scripts/customrenderpipline/lighting_area_prefix_smoke.py,removed,REMOVED,已归档退役路径,本轮或前轮已移除；准确批次见 retirement manifests,,ace48d218abcda6f87af3136a8ec050081ea8b8e0f26b3403e8d4fd72d3e7656
E:\Project\falcor\Falcor-m0,scripts/customrenderpipline/lighting_bxdf_init_prefix_smoke.py,removed,REMOVED,已归档退役路径,本轮或前轮已移除；准确批次见 retirement manifests,,651b7492765b6dee5a4fb5d57502f559af3776785ea80f6bc6b5e71bee3a84f7
E:\Project\falcor\Falcor-m0,scripts/customrenderpipline/lighting_bxdf_prefix_smoke.py,removed,REMOVED,已归档退役路径,本轮或前轮已移除；准确批次见 retirement manifests,,78adc75024657f6cd907da24fb2d63c7ae2139f8854cf0e6b3f6d647b8549589
E:\Project\falcor\Falcor-m0,scripts/customrenderpipline/lighting_contract_smoke.py,removed,REMOVED,已归档退役路径,本轮或前轮已移除；准确批次见 retirement manifests,,37655dd250c35a303cb9ab6bfb9393ea58f4082b623ea8c9a21fd4aa58c652af
E:\Project\falcor\Falcor-m0,scripts/customrenderpipline/lighting_diffuse_cross_model_candidate.py,removed,REMOVED,已归档退役路径,本轮或前轮已移除；准确批次见 retirement manifests,,4a0f84aaaf2df74ae528b2e6da8b2b5c70483ed965b1459d5df5cf17455cca4f
E:\Project\falcor\Falcor-m0,scripts/customrenderpipline/lighting_diffuse_prefix_smoke.py,removed,REMOVED,已归档退役路径,本轮或前轮已移除；准确批次见 retirement manifests,,883400fed9e8a92ac94643ffa272ef93e6429e8e36e2edb41bb9c2c2d7b9c687
E:\Project\falcor\Falcor-m0,scripts/customrenderpipline/lighting_diffuse_production_smoke.py,removed,REMOVED,已归档退役路径,本轮或前轮已移除；准确批次见 retirement manifests,,b8666fc20e7679f8cd2e2bede6aa7f9019258e200d03e7288d17a6ae52bd00fe
E:\Project\falcor\Falcor-m0,scripts/customrenderpipline/lighting_diffuse_rounding_candidate.py,removed,REMOVED,已归档退役路径,本轮或前轮已移除；准确批次见 retirement manifests,,5a2d1f4d2cbb18f23ed3ca30d1cf181eb24c1a1bac43a3c5d4e12176f5e88ceb
E:\Project\falcor\Falcor-m0,scripts/customrenderpipline/lighting_fixture_rejection_smoke.py,removed,REMOVED,已归档退役路径,本轮或前轮已移除；准确批次见 retirement manifests,,c05a46b2e1118dea585d2504b55cca5d07c1d54641d426b1c483fcf06722cec6
E:\Project\falcor\Falcor-m0,scripts/customrenderpipline/lighting_geometry_rejection_smoke.py,removed,REMOVED,已归档退役路径,本轮或前轮已移除；准确批次见 retirement manifests,,238ecfbe0a0b9a3b691c2b4b48410c349ce55a1f2540dc50c8d4efbada15eec5
E:\Project\falcor\Falcor-m0,scripts/customrenderpipline/lighting_local_prefix_smoke.py,removed,REMOVED,已归档退役路径,本轮或前轮已移除；准确批次见 retirement manifests,,58ccc1aad65b7f40e7b2776058185722c4a1269450ed698a7321f380770b5ba4
E:\Project\falcor\Falcor-m0,scripts/customrenderpipline/lighting_ps_prefix_smoke.py,removed,REMOVED,已归档退役路径,本轮或前轮已移除；准确批次见 retirement manifests,,dcf55cea7555d42813f278eab9eea8a07a17836687974dd1443c0845ddd74af2
E:\Project\falcor\Falcor-m0,scripts/customrenderpipline/lighting_schema_migration_smoke.py,removed,REMOVED,已归档退役路径,本轮或前轮已移除；准确批次见 retirement manifests,,90e8bcf672dd1b12b3fac90fe8caec9696ceaaff052bffab73d25bc9d64e7d4a
E:\Project\falcor\Falcor-m0,scripts/customrenderpipline/m1_smoke.py,removed,REMOVED,已归档退役路径,本轮或前轮已移除；准确批次见 retirement manifests,,382c934c93f010c79fa4b8cb6a413edcecca506497bc9f266e52181ff1bc9a51
E:\Project\falcor\Falcor-m0,scripts/customrenderpipline/material_field_formats_smoke.py,removed,REMOVED,已归档退役路径,本轮或前轮已移除；准确批次见 retirement manifests,,68d9c5f4e0c4164f7becdb4074974c04a3b2ffefa60d83e4e6013e909dd14dfd
E:\Project\falcor\Falcor-m0,scripts/customrenderpipline/material_graph_inputs_smoke.py,removed,REMOVED,已归档退役路径,本轮或前轮已移除；准确批次见 retirement manifests,,5c2b463fcd8f716c7c7acf25707c6d816f3ee5169659f910433b55879b22a71e
E:\Project\falcor\Falcor-m0,scripts/customrenderpipline/material_shader_smoke.py,removed,REMOVED,已归档退役路径,本轮或前轮已移除；准确批次见 retirement manifests,,9d299869319a18b2ddb8b2525e8ad75455090a6b2be029f36f6417a892156d93
E:\Project\falcor\Falcor-m0,scripts/customrenderpipline/mesh_acceptance_scene.pyscene,present,REFERENCE,算法/数据/离线工具/研究图,保留算法来源；旧图 JSON 不承诺可在新 runtime 原样执行,A1.3b/F1,c23b8fed90012ba7062d2229c10abd103641113a90ccb3c812ab80daa93dc28e
E:\Project\falcor\Falcor-m0,scripts/customrenderpipline/mesh_acceptance_smoke.py,removed,REMOVED,已归档退役路径,本轮或前轮已移除；准确批次见 retirement manifests,,368d77c72d2bc826d460dffe585a48084d4b24c3e92f849cf34edc5378a52ef7
E:\Project\falcor\Falcor-m0,scripts/customrenderpipline/mesh_inputs_smoke.py,removed,REMOVED,已归档退役路径,本轮或前轮已移除；准确批次见 retirement manifests,,02f8317d218204d51bc0b7401083a0ec0dbf8812d423fd9a468b3253fb76c06c
E:\Project\falcor\Falcor-m0,scripts/customrenderpipline/mesh_program_reuse_smoke.py,removed,REMOVED,已归档退役路径,本轮或前轮已移除；准确批次见 retirement manifests,,142e2a110d9f1443595c7822e95d9472410740f220666d995b3a09589d6ebe09
E:\Project\falcor\Falcor-m0,scripts/customrenderpipline/mesh_shadow_extent_smoke.py,removed,REMOVED,已归档退役路径,本轮或前轮已移除；准确批次见 retirement manifests,,135501590508706dabb6292948059576d5e0be5914f97774826eede2faf0182f
E:\Project\falcor\Falcor-m0,scripts/customrenderpipline/mesh_views_smoke.py,removed,REMOVED,已归档退役路径,本轮或前轮已移除；准确批次见 retirement manifests,,0d2cb56e1d132b0531bf60e52084cd4d4fefd13b3f68bee0f4657022615b6394
E:\Project\falcor\Falcor-m0,scripts/customrenderpipline/minimal.py,removed,REMOVED,已归档退役路径,本轮或前轮已移除；准确批次见 retirement manifests,,33b335a172ba89ab74c158831aedd608f70eb09d9274b0e96a2fb8486b2000b1
E:\Project\falcor\Falcor-m0,scripts/customrenderpipline/model_codec_smoke.py,removed,REMOVED,已归档退役路径,本轮或前轮已移除；准确批次见 retirement manifests,,5967f6753fc6e5b7a1ec13fcfa59e3ad6a92c123d32ae32dab0e1e482a0b19cd
E:\Project\falcor\Falcor-m0,scripts/customrenderpipline/model_lighting_pass_smoke.py,removed,REMOVED,已归档退役路径,本轮或前轮已移除；准确批次见 retirement manifests,,9310d9786565030d7d85b5a9719f23ca0711fe528eeca3c17e2bb7edb450b5d1
E:\Project\falcor\Falcor-m0,scripts/customrenderpipline/model_lighting_reference.py,present,REFERENCE,算法/数据/离线工具/研究图,保留算法来源；旧图 JSON 不承诺可在新 runtime 原样执行,A1.3b/F1,06a34f578cf800ec57aad03817ce9424fb3e4b81721801d842159be7ad49e777
E:\Project\falcor\Falcor-m0,scripts/customrenderpipline/model_lighting_smoke.py,removed,REMOVED,已归档退役路径,本轮或前轮已移除；准确批次见 retirement manifests,,60b700366caa855ff5de555190843629cf7367af888fc9aa0314174b7894a1ab
E:\Project\falcor\Falcor-m0,scripts/customrenderpipline/mogwai_execution_smoke.py,removed,REMOVED,已归档退役路径,本轮或前轮已移除；准确批次见 retirement manifests,,b9d7141505f5fc0a9b212a14df9e98772b02a0e590a92a27270e8a4d095b70c6
E:\Project\falcor\Falcor-m0,scripts/customrenderpipline/native_asset_migration_smoke.py,present,KEEP_TEST,保留测试/独立数学/验证工具,执行范围看最终证据；不等同所有研究效果验收,Q1,ff620ef71cfbab2793290f8e070d90f4b5e31ee60a6c06dedcb8ff08d53d66e3
E:\Project\falcor\Falcor-m0,scripts/customrenderpipline/native_described_passes.py,present,KEEP_NATIVE,原生入口/Schema/观察,现用，不依赖旧运行框架,R4/Q1,5105c21ddad6861c5d0e726db22c8c3f0b25328dc30d56759721b2db60348a50
E:\Project\falcor\Falcor-m0,scripts/customrenderpipline/native_gbuffer.py,present,KEEP_NATIVE,原生入口/Schema/观察,现用，不依赖旧运行框架,R4/Q1,dc8cc07f0a40387fa775d4ecf285ada3b28140805f774ca32c75dad110eda209
E:\Project\falcor\Falcor-m0,scripts/customrenderpipline/native_gbuffer_schema_smoke.py,present,KEEP_TEST,保留测试/独立数学/验证工具,执行范围看最终证据；不等同所有研究效果验收,Q1,bdd06f7f5bc1044b67bbb2f87c5b9ac7cdcf895b6b1affe63a21d0d471ae160e
E:\Project\falcor\Falcor-m0,scripts/customrenderpipline/native_gbuffer_smoke.py,present,KEEP_TEST,保留测试/独立数学/验证工具,执行范围看最终证据；不等同所有研究效果验收,Q1,7452bf823b8c2522db3635e891fd589f2201c45400822c7db5b0bb943dce0108
E:\Project\falcor\Falcor-m0,scripts/customrenderpipline/native_history_migration_smoke.py,present,KEEP_TEST,保留测试/独立数学/验证工具,执行范围看最终证据；不等同所有研究效果验收,Q1,353fa00991c7fbcd44aa3cc11da7f43cd80a1e4a0f51fbf2487633ef07663fc3
E:\Project\falcor\Falcor-m0,scripts/customrenderpipline/native_mesh_draw_migration_smoke.py,present,KEEP_TEST,保留测试/独立数学/验证工具,执行范围看最终证据；不等同所有研究效果验收,Q1,b414adae1a6be184a344b7129a20682c2a26cf19682dcc41b8a03317c0e4b0ad
E:\Project\falcor\Falcor-m0,scripts/customrenderpipline/native_mesh_selection.py,present,KEEP_NATIVE,原生入口/Schema/观察,现用，不依赖旧运行框架,R4/Q1,1580662ebbab27189e0d14381f9b44f57fbb1d9621393cb5d63249dec6a7ceac
E:\Project\falcor\Falcor-m0,scripts/customrenderpipline/native_mesh_selection_smoke.py,present,KEEP_TEST,保留测试/独立数学/验证工具,执行范围看最终证据；不等同所有研究效果验收,Q1,efc32554a97990cbf9d557f26f2955db2679ca5f0c0ebd8aaa633d0cceff9f38
E:\Project\falcor\Falcor-m0,scripts/customrenderpipline/native_once_cache_migration_smoke.py,present,KEEP_TEST,保留测试/独立数学/验证工具,执行范围看最终证据；不等同所有研究效果验收,Q1,b5c78c6fef6f20ebd7e04b952e310d9d472352b65b96ff627e98a7d7bc09b3c1
E:\Project\falcor\Falcor-m0,scripts/customrenderpipline/native_pass_migration_smoke.py,present,KEEP_TEST,保留测试/独立数学/验证工具,执行范围看最终证据；不等同所有研究效果验收,Q1,cfdddc5ffdc58b8787a1f8c4dc006c15b0dada541c1d91737c556bbe9d60e387
E:\Project\falcor\Falcor-m0,scripts/customrenderpipline/native_pipeline.py,present,KEEP_NATIVE,原生入口/Schema/观察,现用，不依赖旧运行框架,R4/Q1,593870a2c28990f10caed752e3ee89346f961035a21aa6b562efe03e5a3ce67d
E:\Project\falcor\Falcor-m0,scripts/customrenderpipline/native_python_ui_smoke.py,present,KEEP_TEST,保留测试/独立数学/验证工具,执行范围看最终证据；不等同所有研究效果验收,V5/Q1,8315d422749fa567486b99ed0e607a5774eacf4b1c8aae05c97c3cf68e752a86
E:\Project\falcor\Falcor-m0,scripts/customrenderpipline/native_resource_history.py,present,KEEP_NATIVE,原生入口/Schema/观察,现用，不依赖旧运行框架,R4/Q1,64b408b098b484813961d77bd1402fe8921e26102e3503333eab1bc5949fbbf7
E:\Project\falcor\Falcor-m0,scripts/customrenderpipline/native_resource_shapes_migration_smoke.py,present,KEEP_TEST,保留测试/独立数学/验证工具,执行范围看最终证据；不等同所有研究效果验收,Q1,492ad90aba007d04ddc4b739f2fea95d5b668b3156134e5aa8935b2d830e6b8c
E:\Project\falcor\Falcor-m0,scripts/customrenderpipline/native_retirement_smoke.py,present,KEEP_TEST,保留测试/独立数学/验证工具,执行范围看最终证据；不等同所有研究效果验收,Q1,eae24ee6495798ad9252c97d4ff156b1de849da55a6c7f65be75f0b026ae2113
E:\Project\falcor\Falcor-m0,scripts/customrenderpipline/native_reuse_smoke.py,removed,REMOVED,已归档退役路径,本轮或前轮已移除；准确批次见 retirement manifests,,e8147a463e0518fc4a4941c411a23cdfa78ab81021970552652bb6c5b81c419a
E:\Project\falcor\Falcor-m0,scripts/customrenderpipline/native_schema_example_smoke.py,present,KEEP_TEST,保留测试/独立数学/验证工具,执行范围看最终证据；不等同所有研究效果验收,Q1,668075290f5637eefb04146a3eeb9f00c47f59b7008d39c1676fe0e8b6a55642
E:\Project\falcor\Falcor-m0,scripts/customrenderpipline/native_schema_gbuffer.py,present,KEEP_NATIVE,原生入口/Schema/观察,现用，不依赖旧运行框架,R4/Q1,193b76d751ba5f90881a240fedac1bec9ccb2356b1e939bb7cb6988e2ce93af5
E:\Project\falcor\Falcor-m0,scripts/customrenderpipline/native_schema_observer.py,present,KEEP_NATIVE,原生入口/Schema/观察,现用，不依赖旧运行框架,R4/Q1,cb339cde5ac5eca71afba9cc8fa17e37196b615fa330c8a45a95c01b119446d1
E:\Project\falcor\Falcor-m0,scripts/customrenderpipline/native_schema_observer_smoke.py,present,KEEP_TEST,保留测试/独立数学/验证工具,执行范围看最终证据；不等同所有研究效果验收,Q1,5f979d21ddb88f833f6b116a157a72a3e2cb3bfe24f3f4609f759a48cb07e141
E:\Project\falcor\Falcor-m0,scripts/customrenderpipline/native_schema_observer_ui.py,present,TODO_UI,V5 未收尾,主体保留，不算交互完成,V5,ac2caa427ef7c445bd6985a0f527743e0496351c521c19e9df16d4956987dd33
E:\Project\falcor\Falcor-m0,scripts/customrenderpipline/native_schema_observer_ui_live.py,present,TODO_UI,V5 未收尾,主体保留，不算交互完成,V5,57ce8e179188781fed930f4a5359d6fba1dca310388ea6cfd8cfbb707922ee57
E:\Project\falcor\Falcor-m0,scripts/customrenderpipline/native_schema_observer_ui_smoke.py,present,KEEP_TEST,保留测试/独立数学/验证工具,执行范围看最终证据；不等同所有研究效果验收,V5/Q1,42e7bfd9e53269653ff4f0e16e5caf73a9a24c70d826eec1ddf19b287da16295
E:\Project\falcor\Falcor-m0,scripts/customrenderpipline/native_schema_preview_smoke.py,present,KEEP_TEST,保留测试/独立数学/验证工具,执行范围看最终证据；不等同所有研究效果验收,Q1,980cd959b4c56a7e25046c6d5d55b3e0e29a8bfcb82989d392beaa1e28242999
E:\Project\falcor\Falcor-m0,scripts/customrenderpipline/observer.py,present,KEEP_NATIVE,原生入口/Schema/观察,现用，不依赖旧运行框架,R4/Q1,c5e3ac8171a4587c492372961cafb8e0d102462e5a7fc31fde40b0f5c33c46af
E:\Project\falcor\Falcor-m0,scripts/customrenderpipline/observer_mogwai.py,present,KEEP_NATIVE,原生入口/Schema/观察,现用，不依赖旧运行框架,R4/Q1,18cf75886bf2c84d4576b6f2165bb99905a0268b2fe6eb1fb8dd9343bbcea3be
E:\Project\falcor\Falcor-m0,scripts/customrenderpipline/observer_smoke.py,removed,REMOVED,已归档退役路径,本轮或前轮已移除；准确批次见 retirement manifests,,e6007295b8b5817b36157adf5bad5985c5de98ab80a04aaa17072ec1325de682
E:\Project\falcor\Falcor-m0,scripts/customrenderpipline/observer_transport.py,present,KEEP_NATIVE,原生入口/Schema/观察,现用，不依赖旧运行框架,R4/Q1,5ca9073303bb7005d6b83d50a878cec365f8dd29c4f4f5baf6a5611566f7c627
E:\Project\falcor\Falcor-m0,scripts/customrenderpipline/observer_views_smoke.py,present,KEEP_TEST,保留测试/独立数学/验证工具,执行范围看最终证据；不等同所有研究效果验收,Q1,f3823b3f6744e606a930312800b8e70fcefa42b109521b2aba8c3b847c04bfd3
E:\Project\falcor\Falcor-m0,scripts/customrenderpipline/output_catalog.py,present,KEEP_NATIVE,原生入口/Schema/观察,现用，不依赖旧运行框架,R4/Q1,8bc7b98613af9fe558324ae75a7d6c63929c3c51738aae5e27346297a2cfe141
E:\Project\falcor\Falcor-m0,scripts/customrenderpipline/pass_definition.py,removed,REMOVED,已归档退役路径,本轮或前轮已移除；准确批次见 retirement manifests,,b58bc673bb118e0482b2ec584409763766385b661e97a2aacaedaa3e6598b69e
E:\Project\falcor\Falcor-m0,scripts/customrenderpipline/pass_files.py,removed,REMOVED,已归档退役路径,本轮或前轮已移除；准确批次见 retirement manifests,,ab6480acd6b312152ddba7e24b0934b7ee8bd7e3421b50cb7d3c58514eaf96c7
E:\Project\falcor\Falcor-m0,scripts/customrenderpipline/pipeline.py,present,KEEP_NATIVE,原生入口/Schema/观察,现用，不依赖旧运行框架,R4/Q1,3d4ee9bedb60a4bdb88a2e90f6f684b75c2d3085d16683c84f1033d827b76922
E:\Project\falcor\Falcor-m0,scripts/customrenderpipline/pipeline_smoke.py,removed,REMOVED,已归档退役路径,本轮或前轮已移除；准确批次见 retirement manifests,,ba04cfd175c6f4e0e860c1389cb57382d7f0b11fc2e1221cbe6754cd185ef13a
E:\Project\falcor\Falcor-m0,scripts/customrenderpipline/pipeline_snapshot.py,removed,REMOVED,已归档退役路径,本轮或前轮已移除；准确批次见 retirement manifests,,45e679f5ed89eab1083fc74c37b3c61ad8b833dd6347f5b49887e7110a20a3ad
E:\Project\falcor\Falcor-m0,scripts/customrenderpipline/pixel_probe_smoke.py,removed,REMOVED,已归档退役路径,本轮或前轮已移除；准确批次见 retirement manifests,,0e7e4025db086a12df1fb5095f0950fee26ea80d14f93f2f7fd082d585a0c700
E:\Project\falcor\Falcor-m0,scripts/customrenderpipline/prepare_reference.py,present,REFERENCE,算法/数据/离线工具/研究图,保留算法来源；旧图 JSON 不承诺可在新 runtime 原样执行,A1.3b/F1,f62d02debb89a6431748c8948056314951f02929e6daf9d6150d193a6c97267c
E:\Project\falcor\Falcor-m0,scripts/customrenderpipline/primary_ownership_smoke.py,removed,REMOVED,已归档退役路径,本轮或前轮已移除；准确批次见 retirement manifests,,a93ca1b4486921df5d8abfa487bef5828e96cc09675c59c64dcfcce833f35349
E:\Project\falcor\Falcor-m0,scripts/customrenderpipline/production_lighting_input_smoke.py,removed,REMOVED,已归档退役路径,本轮或前轮已移除；准确批次见 retirement manifests,,74252d75b7aac36fa8e4b963daf62647da3cf3d3dfb0db37f907a7d79e3f589a
E:\Project\falcor\Falcor-m0,scripts/customrenderpipline/production_lighting_radiance_smoke.py,removed,REMOVED,已归档退役路径,本轮或前轮已移除；准确批次见 retirement manifests,,c38ee6c688756f1aac657393dfb7b709d522decc969ea54d15de6ad2917a7316
E:\Project\falcor\Falcor-m0,scripts/customrenderpipline/quantization_probe_smoke.py,removed,REMOVED,已归档退役路径,本轮或前轮已移除；准确批次见 retirement manifests,,938d8a74bacb7884b9fccd9e43e44bea2ac7902b2d668082f9548df914494b7b
E:\Project\falcor\Falcor-m0,scripts/customrenderpipline/raster_smoke.py,present,KEEP_TEST,保留测试/独立数学/验证工具,执行范围看最终证据；不等同所有研究效果验收,Q1,7463e13415ae99d8f4b249798b629264bc1557a7c674ad92f7b5044c88f59823
E:\Project\falcor\Falcor-m0,scripts/customrenderpipline/raster_smoke.pyscene,present,REFERENCE,算法/数据/离线工具/研究图,保留算法来源；旧图 JSON 不承诺可在新 runtime 原样执行,A1.3b/F1,57063015e9983dd995df31708441ee1fb48f2ab3dee6372fae6dab39b6c472ac
E:\Project\falcor\Falcor-m0,scripts/customrenderpipline/rdc_gbuffer_smoke.py,removed,REMOVED,已归档退役路径,本轮或前轮已移除；准确批次见 retirement manifests,,128b8b65577eef4416955a3df1929fe8e7db11fa8b49cbb36beee1809e8f6b03
E:\Project\falcor\Falcor-m0,scripts/customrenderpipline/rdc_lighting_smoke.py,removed,REMOVED,已归档退役路径,本轮或前轮已移除；准确批次见 retirement manifests,,31288025378c3215352d2a7cde99e8014c705855562419fae8c45aaadaad2451
E:\Project\falcor\Falcor-m0,scripts/customrenderpipline/reference_profile.json,present,REFERENCE,算法/数据/离线工具/研究图,保留算法来源；旧图 JSON 不承诺可在新 runtime 原样执行,A1.3b/F1,4642ed0252936d5a0cf06f7988b6d1874039ee4534f98c72ee086f5a5d0ce05e
E:\Project\falcor\Falcor-m0,scripts/customrenderpipline/reference_raster.py,present,REFERENCE,算法/数据/离线工具/研究图,保留算法来源；旧图 JSON 不承诺可在新 runtime 原样执行,A1.3b/F1,dd4cfecd2b643177d7072071d2770b37d5ad957abb141945f60f5bd7a89f33b0
E:\Project\falcor\Falcor-m0,scripts/customrenderpipline/reference_scene.json,present,REFERENCE,算法/数据/离线工具/研究图,保留算法来源；旧图 JSON 不承诺可在新 runtime 原样执行,A1.3b/F1,b47cc77da1dd23732b7a7e73dc409e48914b7f20dfa2b12c6ae1cb427427496c
E:\Project\falcor\Falcor-m0,scripts/customrenderpipline/reference_scene.pyscene,present,REFERENCE,算法/数据/离线工具/研究图,保留算法来源；旧图 JSON 不承诺可在新 runtime 原样执行,A1.3b/F1,e24a1ea2f3481819a7dc6fb7628a6ae28614349d63cbe744f14282532173e48b
E:\Project\falcor\Falcor-m0,scripts/customrenderpipline/relative_size_smoke.py,removed,REMOVED,已归档退役路径,本轮或前轮已移除；准确批次见 retirement manifests,,2fdb679f921804d61ba3f9f60f36aed49cc6637126bb30ffbcaf5531dd983bdd
E:\Project\falcor\Falcor-m0,scripts/customrenderpipline/render_input_policy.py,present,REFERENCE,算法/数据/离线工具/研究图,保留算法来源；旧图 JSON 不承诺可在新 runtime 原样执行,A1.3b/F1,c9c162394af7ca48aaaed2d98a584d00af27d0d8362757a097008d0f99198bbe
E:\Project\falcor\Falcor-m0,scripts/customrenderpipline/resource_snapshot.py,removed,REMOVED,已归档退役路径,本轮或前轮已移除；准确批次见 retirement manifests,,ed9336732b300c79145884cf9aaecabb7f7f73bab0a56b5765b5f92e16b37b64
E:\Project\falcor\Falcor-m0,scripts/customrenderpipline/routing_smoke.py,removed,REMOVED,已归档退役路径,本轮或前轮已移除；准确批次见 retirement manifests,,8afea0d33dcb62ed2331ab777751503b7612692ccdb35ca6a86d1bacc2d718e0
E:\Project\falcor\Falcor-m0,scripts/customrenderpipline/run_sky_material_controls.py,removed,REMOVED,已归档退役路径,本轮或前轮已移除；准确批次见 retirement manifests,,bd914f766672e74a3b54f13dedae9b3864c5dfb0ee79a0d2ff7f6fc7cfccf370
E:\Project\falcor\Falcor-m0,scripts/customrenderpipline/run_sky_material_integration.py,removed,REMOVED,已归档退役路径,本轮或前轮已移除；准确批次见 retirement manifests,,de85cf9b135c9ff095a791dac092a2fc38787d929f284eb6b9deee2432abe195
E:\Project\falcor\Falcor-m0,scripts/customrenderpipline/run_sky_view_tests.py,present,KEEP_TEST,保留测试/独立数学/验证工具,执行范围看最终证据；不等同所有研究效果验收,Q1,2d8924870d6da417b9fdd664e1d9bfbe5b4b037fd29dacd5301fc05da7e017f5
E:\Project\falcor\Falcor-m0,scripts/customrenderpipline/run_sun_setup_tests.py,present,KEEP_TEST,保留测试/独立数学/验证工具,执行范围看最终证据；不等同所有研究效果验收,Q1,bab101c14445b26ab3db690f5eb2a395601c57130c3f869da21751cb1bd16222
E:\Project\falcor\Falcor-m0,scripts/customrenderpipline/run_targetmap_live.ps1,removed,REMOVED,已归档退役路径,本轮或前轮已移除；准确批次见 retirement manifests,,a5160fccec15bbcf3902bf821aaf126fba9a1c912a007067bc2760a4a5d3332b
E:\Project\falcor\Falcor-m0,scripts/customrenderpipline/run_ue_reference.ps1,removed,REMOVED,已归档退役路径,本轮或前轮已移除；准确批次见 retirement manifests,,e7d1811ebf42855a2e6c06fbd577876f26c701baba846186265544c3a021eb29
E:\Project\falcor\Falcor-m0,scripts/customrenderpipline/scene_exposure_smoke.py,removed,REMOVED,已归档退役路径,本轮或前轮已移除；准确批次见 retirement manifests,,16fea963b10b28434cb077f1a22e6a42ef4439e74cded591adfe3e5bff8ff5ea
E:\Project\falcor\Falcor-m0,scripts/customrenderpipline/scene_identity_smoke.py,removed,REMOVED,已归档退役路径,本轮或前轮已移除；准确批次见 retirement manifests,,0f7d27e547f0b6fbe254fde6b88d13b9c460fd5b0c7e9654c40dd9ef403e0302
E:\Project\falcor\Falcor-m0,scripts/customrenderpipline/scene_package.py,removed,REMOVED,已归档退役路径,本轮或前轮已移除；准确批次见 retirement manifests,,dae179ec5f4ab398a84ca1d459afa5ebaba8b731e4f9db1130570f2608c158b0
E:\Project\falcor\Falcor-m0,scripts/customrenderpipline/scene_package_smoke.py,removed,REMOVED,已归档退役路径,本轮或前轮已移除；准确批次见 retirement manifests,,7a7e1ad1836113362229fc374a4736c0f3d856602037a550fdbc7d35d923e4a3
E:\Project\falcor\Falcor-m0,scripts/customrenderpipline/schema_observer.py,present,KEEP_NATIVE,原生入口/Schema/观察,现用，不依赖旧运行框架,R4/Q1,27698de81435a8ecea963c948493fae9e9037fb607492045a1b4256936e882c9
E:\Project\falcor\Falcor-m0,scripts/customrenderpipline/schema_observer_codegen.py,present,KEEP_NATIVE,原生入口/Schema/观察,现用，不依赖旧运行框架,R4/Q1,5a72c4615992db1afd874a0eb80c5952362b230a3edb04d3a42c18917b6295b7
E:\Project\falcor\Falcor-m0,scripts/customrenderpipline/schema_observer_compare.py,present,KEEP_NATIVE,原生入口/Schema/观察,现用，不依赖旧运行框架,R4/Q1,013dd27da4e2cc8e6ad4e2222a608b9ff713e203000b48ec7b94bbb9c17a990e
E:\Project\falcor\Falcor-m0,scripts/customrenderpipline/schema_observer_preview.py,present,KEEP_NATIVE,原生入口/Schema/观察,现用，不依赖旧运行框架,R4/Q1,96f93f07792198c8cdd5b73fc9763f14e406f703bff9e2cff00019208317242b
E:\Project\falcor\Falcor-m0,scripts/customrenderpipline/schema_observer_service.py,present,KEEP_NATIVE,原生入口/Schema/观察,现用，不依赖旧运行框架,R4/Q1,b52befce8cdfebcd22a016db8c960e30e33a0c63eaf0b9a5b08ef8491cca378b
E:\Project\falcor\Falcor-m0,scripts/customrenderpipline/schema_observer_ui.py,present,TODO_UI,V5 未收尾,主体保留，不算交互完成,V5,ac69b85b3e389f6a89f7c668ea4985237673f3298e418e467fd40be1e6ffeefe
E:\Project\falcor\Falcor-m0,scripts/customrenderpipline/schema_observer_ui_model.py,present,TODO_UI,V5 未收尾,主体保留，不算交互完成,V5,81ace00c49e7dce89e17d7be83514d8c2c3b2fd23533836a68829b74e8c4f283
E:\Project\falcor\Falcor-m0,scripts/customrenderpipline/schema_smoke.py,removed,REMOVED,已归档退役路径,本轮或前轮已移除；准确批次见 retirement manifests,,f4193e633455bf5657fb405675007dfa9885f019333755da0cf75179663f8da4
E:\Project\falcor\Falcor-m0,scripts/customrenderpipline/screen_vector_evidence.py,removed,REMOVED,已归档退役路径,本轮或前轮已移除；准确批次见 retirement manifests,,0f925a7f36b6f9ac62013f2a386d9107b00eb08515afc231500bd489e3865856
E:\Project\falcor\Falcor-m0,scripts/customrenderpipline/screen_vector_native_smoke.py,removed,REMOVED,已归档退役路径,本轮或前轮已移除；准确批次见 retirement manifests,,90e184f698bcee5a4bc40311181f3367abfaeb5a2df8233cf8e5fe59cd3e2a8e
E:\Project\falcor\Falcor-m0,scripts/customrenderpipline/shader_executor_smoke.py,removed,REMOVED,已归档退役路径,本轮或前轮已移除；准确批次见 retirement manifests,,de4925ec66a7881f8740cbd3d6bfa3284d652eaee2417da02f0a8732456e234b
E:\Project\falcor\Falcor-m0,scripts/customrenderpipline/shader_executor_validation_smoke.py,removed,REMOVED,已归档退役路径,本轮或前轮已移除；准确批次见 retirement manifests,,933c9ab5b2c556a16ac27874d4ebaa979b50c06b8241b33cc52e3bb2737c5d9f
E:\Project\falcor\Falcor-m0,scripts/customrenderpipline/shadow_graph.py,removed,REMOVED,已归档退役路径,本轮或前轮已移除；准确批次见 retirement manifests,,7701018ab38c609a7cd53357c8aecf8fc7671ad1f0523a2fd4141af718b17fea
E:\Project\falcor\Falcor-m0,scripts/customrenderpipline/shadow_setup_motion_smoke.py,removed,REMOVED,已归档退役路径,本轮或前轮已移除；准确批次见 retirement manifests,,0f601b6b6dc8d9ce3f903b1d9697aef9d3a64d13d010cd814e7ec93fd41300ef
E:\Project\falcor\Falcor-m0,scripts/customrenderpipline/sky_capture_setup_smoke.py,removed,REMOVED,已归档退役路径,本轮或前轮已移除；准确批次见 retirement manifests,,06a02977fdb512afbbfcd1fd482a9694ae3493d4a6081fee8e6799ed3e5d5753
E:\Project\falcor\Falcor-m0,scripts/customrenderpipline/sky_light_brdf.py,present,REFERENCE,算法/数据/离线工具/研究图,保留算法来源；旧图 JSON 不承诺可在新 runtime 原样执行,A1.3b/F1,401239f974762fdbeeeaf54ba7cd803a1e82aeada71434b639d2aec8cd667b63
E:\Project\falcor\Falcor-m0,scripts/customrenderpipline/sky_light_brdf_precision_smoke.py,removed,REMOVED,已归档退役路径,本轮或前轮已移除；准确批次见 retirement manifests,,32e11b8052fb1fc1f8b6a483f49f422509f91c40b48647a3176c5aedaceff08b
E:\Project\falcor\Falcor-m0,scripts/customrenderpipline/sky_light_brdf_reference.py,present,REFERENCE,算法/数据/离线工具/研究图,保留算法来源；旧图 JSON 不承诺可在新 runtime 原样执行,A1.3b/F1,573a36f0eec3d8face7af2fcc8172805ca767ab11efad61bab816578f4215500
E:\Project\falcor\Falcor-m0,scripts/customrenderpipline/sky_light_brdf_smoke.py,removed,REMOVED,已归档退役路径,本轮或前轮已移除；准确批次见 retirement manifests,,911f15356f97b52720b3c87e92814091ff9d37969dcec7d5b30edfb679909497
E:\Project\falcor\Falcor-m0,scripts/customrenderpipline/sky_light_capture.py,present,REFERENCE,算法/数据/离线工具/研究图,保留算法来源；旧图 JSON 不承诺可在新 runtime 原样执行,A1.3b/F1,f6044ffe0e7212bb3201ffade682ea18d6bafc5114cf55cbff161f30fb9d99a3
E:\Project\falcor\Falcor-m0,scripts/customrenderpipline/sky_light_capture_smoke.py,removed,REMOVED,已归档退役路径,本轮或前轮已移除；准确批次见 retirement manifests,,388b8233cf4e92c2de68729a30701793484d685b01c959d20caec945c5da4a4b
E:\Project\falcor\Falcor-m0,scripts/customrenderpipline/sky_light_capture_support.py,present,REFERENCE,算法/数据/离线工具/研究图,保留算法来源；旧图 JSON 不承诺可在新 runtime 原样执行,A1.3b/F1,0d35fc3a45f39a1e92f696ee16cf57ffcedb07ad843258070a381626ace5a3df
E:\Project\falcor\Falcor-m0,scripts/customrenderpipline/sky_light_filter.py,present,REFERENCE,算法/数据/离线工具/研究图,保留算法来源；旧图 JSON 不承诺可在新 runtime 原样执行,A1.3b/F1,56347c3c83a4d0a860ba5ffa8e3ebf58d5340dbcbed4c7c750cf1359bd0cb541
E:\Project\falcor\Falcor-m0,scripts/customrenderpipline/sky_light_filter_reference.py,present,REFERENCE,算法/数据/离线工具/研究图,保留算法来源；旧图 JSON 不承诺可在新 runtime 原样执行,A1.3b/F1,38b952130e26a427741f351e6f22890613d522a039d2fddc73984a9323b8b4ce
E:\Project\falcor\Falcor-m0,scripts/customrenderpipline/sky_light_filter_smoke.py,removed,REMOVED,已归档退役路径,本轮或前轮已移除；准确批次见 retirement manifests,,f25921f54b1c1de69dc20e5e44e63ae070636b89f3b1e183a810a280ff7dd71f
E:\Project\falcor\Falcor-m0,scripts/customrenderpipline/sky_light_lighting.py,present,REFERENCE,算法/数据/离线工具/研究图,保留算法来源；旧图 JSON 不承诺可在新 runtime 原样执行,A1.3b/F1,24aa224ebdc27aba305a1bfb0c337a8a4d6850ccda588398ab053a34864e1d15
E:\Project\falcor\Falcor-m0,scripts/customrenderpipline/sky_light_lighting_fixture.py,removed,REMOVED,已归档退役路径,本轮或前轮已移除；准确批次见 retirement manifests,,41b926a8adef2d4c4714504e5abc533ec259b94ada03540329fb28af9bd9c2cb
E:\Project\falcor\Falcor-m0,scripts/customrenderpipline/sky_light_lighting_smoke.py,removed,REMOVED,已归档退役路径,本轮或前轮已移除；准确批次见 retirement manifests,,2877abd4fa66ca2d0a4825072596f0ca0d252aba6c4331a48f824d06d32cef63
E:\Project\falcor\Falcor-m0,scripts/customrenderpipline/sky_material_controls_smoke.py,removed,REMOVED,已归档退役路径,本轮或前轮已移除；准确批次见 retirement manifests,,3c6cb1ad04bda29c09d7cadd397410611526596d38ee79cd0139429d28d47657
E:\Project\falcor\Falcor-m0,scripts/customrenderpipline/sky_material_reference.py,present,REFERENCE,算法/数据/离线工具/研究图,保留算法来源；旧图 JSON 不承诺可在新 runtime 原样执行,A1.3b/F1,caf554f7abafb0c680d46432eca9d9d64716466455c378a4cf18a088cf0f9e30
E:\Project\falcor\Falcor-m0,scripts/customrenderpipline/sky_material_smoke.py,removed,REMOVED,已归档退役路径,本轮或前轮已移除；准确批次见 retirement manifests,,1006eec2c886fef55ee778a9ec9fb7fba6f7554884070625df5f655220c0e5dd
E:\Project\falcor\Falcor-m0,scripts/customrenderpipline/sky_view.py,present,REFERENCE,算法/数据/离线工具/研究图,保留算法来源；旧图 JSON 不承诺可在新 runtime 原样执行,A1.3b/F1,9d35faf2dfbf87812d55d3d72ed1e04ca9d49f8e834a6d98137839160b5c118c
E:\Project\falcor\Falcor-m0,scripts/customrenderpipline/sky_view_controls_smoke.py,removed,REMOVED,已归档退役路径,本轮或前轮已移除；准确批次见 retirement manifests,,44dc4efbcff2eaa845a99f6ec26d5c51a1fcf0804bb3bb8013da9d4e3a52b961
E:\Project\falcor\Falcor-m0,scripts/customrenderpipline/sky_view_lut_smoke.py,removed,REMOVED,已归档退役路径,本轮或前轮已移除；准确批次见 retirement manifests,,430c88e787154780faaac145828485f3342090f2e52c7ce860951e1e49798fd8
E:\Project\falcor\Falcor-m0,scripts/customrenderpipline/sky_view_reference.py,present,REFERENCE,算法/数据/离线工具/研究图,保留算法来源；旧图 JSON 不承诺可在新 runtime 原样执行,A1.3b/F1,2c36a8ca22a40b20b15c55927c70e030647c870bdb80e68514e234d14019d07e
E:\Project\falcor\Falcor-m0,scripts/customrenderpipline/sky_view_setup_smoke.py,removed,REMOVED,已归档退役路径,本轮或前轮已移除；准确批次见 retirement manifests,,0ff860787a359ec4d55d6cbaf24c92ca8908f2fe0c431897128dde7613b0b073
E:\Project\falcor\Falcor-m0,scripts/customrenderpipline/source_geometry.py,present,REFERENCE,算法/数据/离线工具/研究图,保留算法来源；旧图 JSON 不承诺可在新 runtime 原样执行,A1.3b/F1,e2bd45bf5c4db49c85c9d78b7a4c9b94411c023c96d170ac8cc4df9397f04db4
E:\Project\falcor\Falcor-m0,scripts/customrenderpipline/source_scene.py,present,REFERENCE,算法/数据/离线工具/研究图,保留算法来源；旧图 JSON 不承诺可在新 runtime 原样执行,A1.3b/F1,fd29c07351d562080ba9a21d8a605ee5571b51bb7be2df96d4570a5500a4efe9
E:\Project\falcor\Falcor-m0,scripts/customrenderpipline/source_transform_smoke.py,removed,REMOVED,已归档退役路径,本轮或前轮已移除；准确批次见 retirement manifests,,59068e5ea6728cd9e5b9d7897768d9ec7985364e304b57a11b4a68ed7fcd973c
E:\Project\falcor\Falcor-m0,scripts/customrenderpipline/structured_buffers_smoke.py,removed,REMOVED,已归档退役路径,本轮或前轮已移除；准确批次见 retirement manifests,,93593999578c034426e0ae656237420b847074d5a0a76416e222f944d01e53d1
E:\Project\falcor\Falcor-m0,scripts/customrenderpipline/sun_setup.py,present,REFERENCE,算法/数据/离线工具/研究图,保留算法来源；旧图 JSON 不承诺可在新 runtime 原样执行,A1.3b/F1,800a96dee98b994ac4198c32a34c22c42efb85afc02b6aa74b935865404a398f
E:\Project\falcor\Falcor-m0,scripts/customrenderpipline/sun_setup_reference.py,present,REFERENCE,算法/数据/离线工具/研究图,保留算法来源；旧图 JSON 不承诺可在新 runtime 原样执行,A1.3b/F1,bd199a4843113f9e834a5fb2a5c25707e397affdc40a3f3beea4413650344130
E:\Project\falcor\Falcor-m0,scripts/customrenderpipline/targetmap.pyscene,present,REFERENCE,算法/数据/离线工具/研究图,保留算法来源；旧图 JSON 不承诺可在新 runtime 原样执行,A1.3b/F1,92ba0f0e5731d7a438654421d43427d6618549f546fead430b8326f3cc4540bb
E:\Project\falcor\Falcor-m0,scripts/customrenderpipline/targetmap_atmosphere_smoke.py,removed,REMOVED,已归档退役路径,本轮或前轮已移除；准确批次见 retirement manifests,,67966740b5349f0c7472869bb5bc59e222d919d6b2b62fece16d4f0ec9bc1f2a
E:\Project\falcor\Falcor-m0,scripts/customrenderpipline/targetmap_graph.py,removed,REMOVED,已归档退役路径,本轮或前轮已移除；准确批次见 retirement manifests,,49048a0e54f25dd16432c1c694a05cc7d32ed3e41776b45477c35b38eba11f10
E:\Project\falcor\Falcor-m0,scripts/customrenderpipline/targetmap_live.py,removed,REMOVED,已归档退役路径,本轮或前轮已移除；准确批次见 retirement manifests,,83565a40d6808d4c0f3518554a295dc95b26873c816eb91fcaffcc9baa7c16de
E:\Project\falcor\Falcor-m0,scripts/customrenderpipline/targetmap_native_smoke.py,removed,REMOVED,已归档退役路径,本轮或前轮已移除；准确批次见 retirement manifests,,297a68a947a9b9c21102efefab38723812ee9742c70738cab9c7ed3fb334d703
E:\Project\falcor\Falcor-m0,scripts/customrenderpipline/targetmap_shadow_smoke.py,removed,REMOVED,已归档退役路径,本轮或前轮已移除；准确批次见 retirement manifests,,d0f466d3c1223cfe32a02512f4943c954015e572b2a308f657d8408ea9448c8c
E:\Project\falcor\Falcor-m0,scripts/customrenderpipline/targetmap_sun_smoke.py,removed,REMOVED,已归档退役路径,本轮或前轮已移除；准确批次见 retirement manifests,,4177a03d85bd444d1c1b5ab20dfbca6c2140f727385f20d793e67c2533909618
E:\Project\falcor\Falcor-m0,scripts/customrenderpipline/test_atmosphere.py,present,KEEP_TEST,保留测试/独立数学/验证工具,执行范围看最终证据；不等同所有研究效果验收,Q1,261c1ca70da9cd44aea32a2d0fbb4417fe8ee642df2bf88fb2e5ceeb1fa0f8b3
E:\Project\falcor\Falcor-m0,scripts/customrenderpipline/test_atmosphere_reference.py,present,KEEP_TEST,保留测试/独立数学/验证工具,执行范围看最终证据；不等同所有研究效果验收,Q1,1e112b706caa374d600a59ea4ced41e49d4d60a2a84de07de663ac415202fe65
E:\Project\falcor\Falcor-m0,scripts/customrenderpipline/test_atmosphere_validation.py,present,KEEP_TEST,保留测试/独立数学/验证工具,执行范围看最终证据；不等同所有研究效果验收,Q1,272c6e2739258c1d435dfe8a285b2a20cf4d13e2d5295c67b0c0d742fee05c88
E:\Project\falcor\Falcor-m0,scripts/customrenderpipline/test_coat_skin_lighting.py,removed,REMOVED,已归档退役路径,本轮或前轮已移除；准确批次见 retirement manifests,,b48aeb49659a66cf4994a0858715554f4d89d2e6b20dee6d0f9fad1f8ae02dc6
E:\Project\falcor\Falcor-m0,scripts/customrenderpipline/test_csm_setup_math.py,present,KEEP_TEST,保留测试/独立数学/验证工具,执行范围看最终证据；不等同所有研究效果验收,Q1,fd223d35799cb23b2a9ef4af151af967daf577a674810277c70ad6a4d8dbe2e3
E:\Project\falcor\Falcor-m0,scripts/customrenderpipline/test_declared_pipeline.py,removed,REMOVED,已归档退役路径,本轮或前轮已移除；准确批次见 retirement manifests,,c67f256ab586e671495697d75fe317c2dd51422fcb06a51a37c538605ed9f936
E:\Project\falcor\Falcor-m0,scripts/customrenderpipline/test_downsample_reference.py,present,KEEP_TEST,保留测试/独立数学/验证工具,执行范围看最终证据；不等同所有研究效果验收,Q1,f7e35502e596bcbc8efabf30b1d863c9cd92c6dffe7149ae26108b85f1fd6863
E:\Project\falcor\Falcor-m0,scripts/customrenderpipline/test_exposure.py,present,KEEP_TEST,保留测试/独立数学/验证工具,执行范围看最终证据；不等同所有研究效果验收,Q1,46a7fc9c035d0ebdd69f6dc254916ee515997f8d82f039f3664ac8aa5dda8ae5
E:\Project\falcor\Falcor-m0,scripts/customrenderpipline/test_exposure_metering.py,present,KEEP_TEST,保留测试/独立数学/验证工具,执行范围看最终证据；不等同所有研究效果验收,Q1,12f579f15c3f1f379503ba0a04fbb9a7c92e92eeaa8d25ca24a62416ebd71663
E:\Project\falcor\Falcor-m0,scripts/customrenderpipline/test_exposure_sources.py,present,KEEP_TEST,保留测试/独立数学/验证工具,执行范围看最终证据；不等同所有研究效果验收,Q1,ae726bdfc4d1d60c6dba84fefef48dd21052f777a5b6539378cae1fb3cbf672d
E:\Project\falcor\Falcor-m0,scripts/customrenderpipline/test_frame_exposure_consumers.py,removed,REMOVED,已归档退役路径,本轮或前轮已移除；准确批次见 retirement manifests,,8d625eef49e4ff4d9e31b557f75ae0a5b3b36b2e811c24c60f3ba85403e7dbde
E:\Project\falcor\Falcor-m0,scripts/customrenderpipline/test_framework_api.py,present,KEEP_TEST,保留测试/独立数学/验证工具,执行范围看最终证据；不等同所有研究效果验收,Q1,791d00604835ec3e390f9115704db4ede5be80c31b000f552f6dc89cb4109036
E:\Project\falcor\Falcor-m0,scripts/customrenderpipline/test_fy1_hair_case.py,present,KEEP_TEST,保留测试/独立数学/验证工具,执行范围看最终证据；不等同所有研究效果验收,Q1,5e1ced8b5002549201c83e98986592f0806002b8a5802f5ed2a0407dd47fee2b
E:\Project\falcor\Falcor-m0,scripts/customrenderpipline/test_history_state.py,removed,REMOVED,已归档退役路径,本轮或前轮已移除；准确批次见 retirement manifests,,b5f9d1004886aec181422babc47283fea234554c4c8f8d0fb43f8cb3647f9445
E:\Project\falcor\Falcor-m0,scripts/customrenderpipline/test_immutable_compute_cache.py,removed,REMOVED,已归档退役路径,本轮或前轮已移除；准确批次见 retirement manifests,,09a0c5fe7a622332e327338229055834b454f9fcdb32cf9a3b78a5e3144247c3
E:\Project\falcor\Falcor-m0,scripts/customrenderpipline/test_legacy_declaration.py,removed,REMOVED,已归档退役路径,本轮或前轮已移除；准确批次见 retirement manifests,,18cde9ce8fbe6555f0a6fa08c8170d6f69fabbad3751bf3d5e7426771c3f9808
E:\Project\falcor\Falcor-m0,scripts/customrenderpipline/test_lighting_pipeline.py,removed,REMOVED,已归档退役路径,本轮或前轮已移除；准确批次见 retirement manifests,,358e8a3ed08e563bc0a74dd0c16d44c3dfd7fd594295872b400d3f09dda4c226
E:\Project\falcor\Falcor-m0,scripts/customrenderpipline/test_lighting_schema.py,removed,REMOVED,已归档退役路径,本轮或前轮已移除；准确批次见 retirement manifests,,ec1ad8f7797b0917649531e2d9b38e592a346295d869cc0559a65935d00b5505
E:\Project\falcor\Falcor-m0,scripts/customrenderpipline/test_model_codecs.py,removed,REMOVED,已归档退役路径,本轮或前轮已移除；准确批次见 retirement manifests,,bb1ae0c77da7fa0bfb7323fbe1365dc1da02244517d3e114d7d1f550eba198f6
E:\Project\falcor\Falcor-m0,scripts/customrenderpipline/test_model_lighting.py,present,KEEP_TEST,保留测试/独立数学/验证工具,执行范围看最终证据；不等同所有研究效果验收,Q1,b5120b7355ff9549a0d320692fccea70bc39b9dd39392c5bf46bb07f248f2760
E:\Project\falcor\Falcor-m0,scripts/customrenderpipline/test_native_gbuffer_schema.py,present,KEEP_TEST,保留测试/独立数学/验证工具,执行范围看最终证据；不等同所有研究效果验收,Q1,d1be291e6162877c0e905a58a7673108df8a1b0d94cc8eca77773ee31c16773a
E:\Project\falcor\Falcor-m0,scripts/customrenderpipline/test_native_pipeline.py,present,KEEP_TEST,保留测试/独立数学/验证工具,执行范围看最终证据；不等同所有研究效果验收,Q1,2919c17d871e2a2446a0e9bda52947f72d01668a9e63d238e8d5856bbfa3face
E:\Project\falcor\Falcor-m0,scripts/customrenderpipline/test_native_readback.py,present,KEEP_TEST,保留测试/独立数学/验证工具,执行范围看最终证据；不等同所有研究效果验收,Q1,3529d12bc21bf1410c16b243182a23d01e0fecd937fa19f7fa9bc1ed67a0440d
E:\Project\falcor\Falcor-m0,scripts/customrenderpipline/test_observer_mogwai.py,present,KEEP_TEST,保留测试/独立数学/验证工具,执行范围看最终证据；不等同所有研究效果验收,Q1,6cfcd7351c49b6c4c34e86a2a2e2e6aad0a7fa3dfa8fbca4a9fe4ffc6f7bfe06
E:\Project\falcor\Falcor-m0,scripts/customrenderpipline/test_observer_transport.py,present,KEEP_TEST,保留测试/独立数学/验证工具,执行范围看最终证据；不等同所有研究效果验收,Q1,0e062c420b204fb21109443fa1994914a0352fcf96f59e3f82d6ef527cda0260
E:\Project\falcor\Falcor-m0,scripts/customrenderpipline/test_output_catalog.py,present,KEEP_TEST,保留测试/独立数学/验证工具,执行范围看最终证据；不等同所有研究效果验收,Q1,89cec0153d82fe59219fb1c5b272790474366d13e1492040b1e97e254f741852
E:\Project\falcor\Falcor-m0,scripts/customrenderpipline/test_output_views.py,present,KEEP_TEST,保留测试/独立数学/验证工具,执行范围看最终证据；不等同所有研究效果验收,Q1,c99add700832ce555c2d98af5dc434b6e75b78e86f2a2fefec412bae1655ada9
E:\Project\falcor\Falcor-m0,scripts/customrenderpipline/test_pass_definition.py,removed,REMOVED,已归档退役路径,本轮或前轮已移除；准确批次见 retirement manifests,,95559fe7e603806cbc164bedb5658da3e2562aaad20d0efab4765a3be7b3632f
E:\Project\falcor\Falcor-m0,scripts/customrenderpipline/test_pipeline_history.py,removed,REMOVED,已归档退役路径,本轮或前轮已移除；准确批次见 retirement manifests,,11889973b2e64e0aca254c9c3eae4daf684c03f5c986ff7e92e766bc7289391b
E:\Project\falcor\Falcor-m0,scripts/customrenderpipline/test_pipeline_snapshot.py,removed,REMOVED,已归档退役路径,本轮或前轮已移除；准确批次见 retirement manifests,,9f30201a8e1ede21604db9c6341e2c301be92919fae1b7cc82635602fe8cd47e
E:\Project\falcor\Falcor-m0,scripts/customrenderpipline/test_reference_profile.py,present,KEEP_TEST,保留测试/独立数学/验证工具,执行范围看最终证据；不等同所有研究效果验收,Q1,120a3e430e1fa0bfc00d7adf979379ca892c72e6731df4e6f8d12df03a7e9d3c
E:\Project\falcor\Falcor-m0,scripts/customrenderpipline/test_render_input_policy.py,present,KEEP_TEST,保留测试/独立数学/验证工具,执行范围看最终证据；不等同所有研究效果验收,Q1,a0684474d2622d137a40c93be8544501a44bb422fadedfa446e0c5919c175808
E:\Project\falcor\Falcor-m0,scripts/customrenderpipline/test_resource_snapshot.py,removed,REMOVED,已归档退役路径,本轮或前轮已移除；准确批次见 retirement manifests,,29d2844d014be495cebc7ea4c105da676289b569a4a245d12626f1d1600b0355
E:\Project\falcor\Falcor-m0,scripts/customrenderpipline/test_scene_package.py,removed,REMOVED,已归档退役路径,本轮或前轮已移除；准确批次见 retirement manifests,,fb3253c2488a7eea78205c9714569d5dccc8857ac140abd7687e6e2006d62678
E:\Project\falcor\Falcor-m0,scripts/customrenderpipline/test_schema.py,removed,REMOVED,已归档退役路径,本轮或前轮已移除；准确批次见 retirement manifests,,128bac91d1432393ed37b6ea760b2dfa298b3caa07d3841f32a763494fd1eacd
E:\Project\falcor\Falcor-m0,scripts/customrenderpipline/test_schema_observer.py,present,KEEP_TEST,保留测试/独立数学/验证工具,执行范围看最终证据；不等同所有研究效果验收,Q1,b21152d1798d3642c66cfa1d0b099d2af57e0cb47ccf4b09e1f026b520a649c5
E:\Project\falcor\Falcor-m0,scripts/customrenderpipline/test_schema_observer_compare.py,present,KEEP_TEST,保留测试/独立数学/验证工具,执行范围看最终证据；不等同所有研究效果验收,Q1,9a5ed2b09f11ba6eb7fb46a4951cc372ca24802ec2d3610a1771af11c7b63861
E:\Project\falcor\Falcor-m0,scripts/customrenderpipline/test_schema_observer_preview.py,present,KEEP_TEST,保留测试/独立数学/验证工具,执行范围看最终证据；不等同所有研究效果验收,Q1,5f89a9494f4b9acd4b06d1046fba0d01a28618efda743e974b98ca0a79e6da2b
E:\Project\falcor\Falcor-m0,scripts/customrenderpipline/test_schema_observer_service.py,present,KEEP_TEST,保留测试/独立数学/验证工具,执行范围看最终证据；不等同所有研究效果验收,Q1,46908130687eee7fd298c393e0f06d5c81e2f23a9645017f80e68f95accb752d
E:\Project\falcor\Falcor-m0,scripts/customrenderpipline/test_schema_observer_ui.py,present,KEEP_TEST,保留测试/独立数学/验证工具,执行范围看最终证据；不等同所有研究效果验收,V5/Q1,7ab08f3b83f907f538982e5c2092486dad072364d0879807e929b44e6870a25a
E:\Project\falcor\Falcor-m0,scripts/customrenderpipline/test_schema_observer_ui_model.py,present,KEEP_TEST,保留测试/独立数学/验证工具,执行范围看最终证据；不等同所有研究效果验收,V5/Q1,d4858f9864134ef7d433f1bf78849aa461d0e7cff5836ee620eba6eb3627b8d0
E:\Project\falcor\Falcor-m0,scripts/customrenderpipline/test_sky_light_brdf.py,present,KEEP_TEST,保留测试/独立数学/验证工具,执行范围看最终证据；不等同所有研究效果验收,Q1,b412d8cfe0b24de49a66509f1f23f0eef1bb842ed4c6d30c339cde09b78c7c9f
E:\Project\falcor\Falcor-m0,scripts/customrenderpipline/test_sky_light_capture.py,present,KEEP_TEST,保留测试/独立数学/验证工具,执行范围看最终证据；不等同所有研究效果验收,Q1,8123227a5b20dc375deeffd0195be843a5549b59299dc41b86ef7cc6e28d8c25
E:\Project\falcor\Falcor-m0,scripts/customrenderpipline/test_sky_light_filter.py,present,KEEP_TEST,保留测试/独立数学/验证工具,执行范围看最终证据；不等同所有研究效果验收,Q1,ebd6c37186535cbacf246e37a1a8f7b3bd36bf65bc83489b56972fd3b3bce7a0
E:\Project\falcor\Falcor-m0,scripts/customrenderpipline/test_sky_light_lighting.py,present,KEEP_TEST,保留测试/独立数学/验证工具,执行范围看最终证据；不等同所有研究效果验收,Q1,940b5460f734fefce8a14d55854eed6d67b000d21850cac06ca1555aa5ce1ca9
E:\Project\falcor\Falcor-m0,scripts/customrenderpipline/test_sky_light_source.py,present,KEEP_TEST,保留测试/独立数学/验证工具,执行范围看最终证据；不等同所有研究效果验收,Q1,bd4692c8a53a955b55ec2f3df3afa5c557d8fc91f53fd674f6c95ae6b12a149f
E:\Project\falcor\Falcor-m0,scripts/customrenderpipline/test_sky_material_graph.py,removed,REMOVED,已归档退役路径,本轮或前轮已移除；准确批次见 retirement manifests,,aa5b0734eea3b1df154ca29b24acde23cb92d335a7b3d7aabf43e7885a532ece
E:\Project\falcor\Falcor-m0,scripts/customrenderpipline/test_sky_material_reference.py,present,KEEP_TEST,保留测试/独立数学/验证工具,执行范围看最终证据；不等同所有研究效果验收,Q1,34a803fced7c58c0a685ead02f19bc801fd58bdb0af44d50ce6b6c365139bd06
E:\Project\falcor\Falcor-m0,scripts/customrenderpipline/test_sky_material_source.py,present,KEEP_TEST,保留测试/独立数学/验证工具,执行范围看最终证据；不等同所有研究效果验收,Q1,063f559d9740841a68d464195a5733af0b658ce0ce09c89791a8cd19d337ca00
E:\Project\falcor\Falcor-m0,scripts/customrenderpipline/test_sky_view.py,present,KEEP_TEST,保留测试/独立数学/验证工具,执行范围看最终证据；不等同所有研究效果验收,Q1,50cc7def4ef93ac8c7aa1bf00b7821a12f91ebd8f7e8a4a8bcbdda44b44e3811
E:\Project\falcor\Falcor-m0,scripts/customrenderpipline/test_sky_view_reference.py,present,KEEP_TEST,保留测试/独立数学/验证工具,执行范围看最终证据；不等同所有研究效果验收,Q1,6ba9b4b8ee25e157af29e6a3f0802c397e00bdc15327d5f96d4ee281f35118d8
E:\Project\falcor\Falcor-m0,scripts/customrenderpipline/test_sky_view_source.py,present,KEEP_TEST,保留测试/独立数学/验证工具,执行范围看最终证据；不等同所有研究效果验收,Q1,49e7fc8be6a9423cdacd8a68d185d15abc36129f49f7530da5e621ee7e71537d
E:\Project\falcor\Falcor-m0,scripts/customrenderpipline/test_source_scene.py,present,KEEP_TEST,保留测试/独立数学/验证工具,执行范围看最终证据；不等同所有研究效果验收,Q1,6ccc517c58db92963fc1ad047b2f7f3f253b2ed3e2cfd05ac405df71f7414e11
E:\Project\falcor\Falcor-m0,scripts/customrenderpipline/test_sun_setup.py,present,KEEP_TEST,保留测试/独立数学/验证工具,执行范围看最终证据；不等同所有研究效果验收,Q1,fb9f5adc10614c3dcdc95b4e8f221f95737dfcbd7697482316ac89705ac7b531
E:\Project\falcor\Falcor-m0,scripts/customrenderpipline/test_sun_setup_source.py,present,KEEP_TEST,保留测试/独立数学/验证工具,执行范围看最终证据；不等同所有研究效果验收,Q1,83fc1733b9b32aa8e4f235d6c385c9116b782259db1decc18b5c5afff692a6ab
E:\Project\falcor\Falcor-m0,scripts/customrenderpipline/test_ue_source_reuse.py,present,KEEP_TEST,保留测试/独立数学/验证工具,执行范围看最终证据；不等同所有研究效果验收,Q1,f9ce87f24c65d127ace396dec9693f8e4074aa556a3380b091e82355ee391a78
E:\Project\falcor\Falcor-m0,scripts/customrenderpipline/texture_views_smoke.py,removed,REMOVED,已归档退役路径,本轮或前轮已移除；准确批次见 retirement manifests,,9e08aabd5da2e54441b3d6eeb63b21a17f9c7483c857e48ca880b897c82c03a6
E:\Project\falcor\Falcor-m0,scripts/customrenderpipline/texture_views_validation_smoke.py,removed,REMOVED,已归档退役路径,本轮或前轮已移除；准确批次见 retirement manifests,,1c588e4074154cef792d9297c660270f841c9702f1ae1c62456a68e30f58500f
E:\Project\falcor\Falcor-m0,scripts/customrenderpipline/ue_exposure_sources.json,present,REFERENCE,算法/数据/离线工具/研究图,保留算法来源；旧图 JSON 不承诺可在新 runtime 原样执行,A1.3b/F1,ba3d494e88102365cbcbc9bb89f63ca55d1d3cccfed6d6dcd6e3d23a514bb9b8
E:\Project\falcor\Falcor-m0,scripts/customrenderpipline/ue_lighting_sources.json,present,REFERENCE,算法/数据/离线工具/研究图,保留算法来源；旧图 JSON 不承诺可在新 runtime 原样执行,A1.3b/F1,0c6be818271cb8b4e7191c53cd8e7554f693575524005e1c8334d7a542ac5e51
E:\Project\falcor\Falcor-m0,scripts/customrenderpipline/validate_native_shadow_depth.py,present,REFERENCE,算法/数据/离线工具/研究图,保留算法来源；旧图 JSON 不承诺可在新 runtime 原样执行,A1.3b/F1,d8d2a267d151e7c80843b377898e64b9f6a826cfde12cfbc43b711337a43864b
E:\Project\falcor\Falcor-m0,scripts/customrenderpipline/validate_reference.py,present,REFERENCE,算法/数据/离线工具/研究图,保留算法来源；旧图 JSON 不承诺可在新 runtime 原样执行,A1.3b/F1,5db7129b249f1d9f489d84a57b10c8613913ef66ba7668d00639d19e62c2a755
E:\Project\falcor\Falcor-m0,scripts/customrenderpipline/verify_diffuse_capture_samples.py,present,REFERENCE,算法/数据/离线工具/研究图,保留算法来源；旧图 JSON 不承诺可在新 runtime 原样执行,A1.3b/F1,bf30e2ad3a98e4f715d144d0ebef5b7f2d341c851e68f7483997b5b587ae4413
E:\Project\falcor\Falcor-m0,scripts/customrenderpipline/verify_lighting_hdr_accumulation.py,present,REFERENCE,算法/数据/离线工具/研究图,保留算法来源；旧图 JSON 不承诺可在新 runtime 原样执行,A1.3b/F1,c31bfc682eb75f463137604bfcead74d60edfac8d48d47a7f8ecd478598ea5e8
E:\Project\falcor\Falcor-m0,scripts/customrenderpipline/verify_ue_reference.py,removed,REMOVED,已归档退役路径,本轮或前轮已移除；准确批次见 retirement manifests,,fb19d4e8e62229c1b168b709a2cc561787895a7fb0a6ae06ac7582465f4ce4d4
E:\Project\falcor\Falcor-m0,scripts/customrenderpipline/vertex_input_proof.py,removed,REMOVED,已归档退役路径,本轮或前轮已移除；准确批次见 retirement manifests,,f077f4c918c153749b4bfeba7c0039b948589c6d20653c508da175de02b76564
E:\Project\falcor\Falcor-m0,task_plan.md,present,DOCUMENT,文档/历史证据,当前状态看本轮报告；旧记录不重写,,6ff3661774dd6eb5c01312993fd776cb867fa7eea451f7eceb92f14e97f85da4
E:\Project\falcor\Falcor,docs/research/captures/2026-09-09-1/1853-GBufferA.bin.gz,present,HISTORICAL_OTHER_TREE,原工作树离线研究/文档,不是本实现树运行完成证据,F1,98705ffbdf694b7d35d966d3063352cf3b72358e0c8f3a35ad9e7e1ca71d9cb3
E:\Project\falcor\Falcor,docs/research/captures/2026-09-09-1/1853-GBufferA.png,present,HISTORICAL_OTHER_TREE,原工作树离线研究/文档,不是本实现树运行完成证据,F1,278f613b5114f2f041738401928c5dc09972573acb78f30db0712f0f8cfd327a
E:\Project\falcor\Falcor,docs/research/captures/2026-09-09-1/1853-GBufferB.bin.gz,present,HISTORICAL_OTHER_TREE,原工作树离线研究/文档,不是本实现树运行完成证据,F1,9aaf08f56cc755330f421a49fd87bce6bfd9e685884c6bbb4d81d4a083204a9b
E:\Project\falcor\Falcor,docs/research/captures/2026-09-09-1/1853-GBufferB.png,present,HISTORICAL_OTHER_TREE,原工作树离线研究/文档,不是本实现树运行完成证据,F1,b0401f2e9774bd5f294c9ac5502065bae54455774c3b56f16bfa1051975a1aab
E:\Project\falcor\Falcor,docs/research/captures/2026-09-09-1/1853-GBufferC.bin.gz,present,HISTORICAL_OTHER_TREE,原工作树离线研究/文档,不是本实现树运行完成证据,F1,c2a0f25d444f9ef262da4f0c292d6c2dde4887efb95b0dfdb8dd6273d9983b04
E:\Project\falcor\Falcor,docs/research/captures/2026-09-09-1/1853-GBufferC.png,present,HISTORICAL_OTHER_TREE,原工作树离线研究/文档,不是本实现树运行完成证据,F1,c246162bb1dcbcbc8d61dafc21ff2d01f89086c8c24708b7ceafcc7736e5fdde
E:\Project\falcor\Falcor,docs/research/captures/2026-09-09-1/1853-GBufferD.bin.gz,present,HISTORICAL_OTHER_TREE,原工作树离线研究/文档,不是本实现树运行完成证据,F1,e0b636653d3f49ca98ac6a00ce4b5cdfd7b655fa850451b91b20489812bb2fcb
E:\Project\falcor\Falcor,docs/research/captures/2026-09-09-1/1853-GBufferD.png,present,HISTORICAL_OTHER_TREE,原工作树离线研究/文档,不是本实现树运行完成证据,F1,9528dae174494fef24180a70b780454371628de0e927e2ffc7972f58dad86f30
E:\Project\falcor\Falcor,docs/research/captures/2026-09-09-1/1853-SceneColor.bin.gz,present,HISTORICAL_OTHER_TREE,原工作树离线研究/文档,不是本实现树运行完成证据,F1,f02f281e8cb48515ca91416fcba936079e96e8e1838cd4da4eae1025014ec797
E:\Project\falcor\Falcor,docs/research/captures/2026-09-09-1/1853-SceneColor.png,present,HISTORICAL_OTHER_TREE,原工作树离线研究/文档,不是本实现树运行完成证据,F1,3021e48c3878b6314a68b9ff3a6e6342228012491d97887e8da9cd79e3b7d642
E:\Project\falcor\Falcor,docs/research/captures/2026-09-09-1/1853-SceneDepthZ.bin.gz,present,HISTORICAL_OTHER_TREE,原工作树离线研究/文档,不是本实现树运行完成证据,F1,f240091217b16aaed5843e960c5366f64d231119146b6c58ae2ae12ca2a8bbed
E:\Project\falcor\Falcor,docs/research/captures/2026-09-09-1/1853-SceneDepthZ.png,present,HISTORICAL_OTHER_TREE,原工作树离线研究/文档,不是本实现树运行完成证据,F1,522e7dbcf33397ce4c8318d133771c34f9cf709ef60f45e443bf12f2f0155501
E:\Project\falcor\Falcor,docs/research/captures/2026-09-09-1/1920-SceneColor.bin.gz,present,HISTORICAL_OTHER_TREE,原工作树离线研究/文档,不是本实现树运行完成证据,F1,47248c504e33533ac4f3466279586b38b8d5c042a8e6ca49909dee002055a90c
E:\Project\falcor\Falcor,docs/research/captures/2026-09-09-1/1920-SceneColor.png,present,HISTORICAL_OTHER_TREE,原工作树离线研究/文档,不是本实现树运行完成证据,F1,7a8a6b6fb67d0d3ea68c792b1664e388fa0e883ddcaeebb1b285057a8ca04faf
E:\Project\falcor\Falcor,docs/research/captures/2026-09-09-1/2655-SceneColor.bin.gz,present,HISTORICAL_OTHER_TREE,原工作树离线研究/文档,不是本实现树运行完成证据,F1,093b5cbfdfb80a28a7ce94778d8d7841e9fdc70353b9cd5815294c74983ec444
E:\Project\falcor\Falcor,docs/research/captures/2026-09-09-1/2655-SceneColor.png,present,HISTORICAL_OTHER_TREE,原工作树离线研究/文档,不是本实现树运行完成证据,F1,038af74b39fc2acd3574f3b19af7d67a50deddf036186247fc545dcf500136e3
E:\Project\falcor\Falcor,docs/research/captures/2026-09-09-1/4193-Final Luminance.bin.gz,present,HISTORICAL_OTHER_TREE,原工作树离线研究/文档,不是本实现树运行完成证据,F1,77d12b5e99d54b521162237c1a4dde656fb294709393b3aba7c50d0c4c24491f
E:\Project\falcor\Falcor,docs/research/captures/2026-09-09-1/4193-Final Luminance.png,present,HISTORICAL_OTHER_TREE,原工作树离线研究/文档,不是本实现树运行完成证据,F1,1dcf02e8d7d564dfdc603dc8ec82aaba5ace76503b8b73e8573005def5e30736
E:\Project\falcor\Falcor,docs/research/captures/2026-09-09-1/4193-Tonemap.bin.gz,present,HISTORICAL_OTHER_TREE,原工作树离线研究/文档,不是本实现树运行完成证据,F1,bb3a2ba2d4a45340e685daa29b59734fee9b87bba0b93539a303029fec1d4be9
E:\Project\falcor\Falcor,docs/research/captures/2026-09-09-1/4193-Tonemap.png,present,HISTORICAL_OTHER_TREE,原工作树离线研究/文档,不是本实现树运行完成证据,F1,5314e772ae2ba0d3b8a1e2531ab1ff61ce2ce88a40c1b7302b157fb2ea11652b
E:\Project\falcor\Falcor,docs/research/captures/2026-09-09-1/README.md,present,HISTORICAL_OTHER_TREE,原工作树离线研究/文档,不是本实现树运行完成证据,F1,6aec55c0bdebec7874b267be174ec23ed93f95c6cfbdae8dd7bfc81f846e08fe
E:\Project\falcor\Falcor,docs/research/captures/2026-09-09-1/actions.json,present,HISTORICAL_OTHER_TREE,原工作树离线研究/文档,不是本实现树运行完成证据,F1,b8f403cdb0e869ac8b1a292d80dc642160eb3079084ac46c0f155e04b9814d9e
E:\Project\falcor\Falcor,docs/research/captures/2026-09-09-1/analysis.json,present,HISTORICAL_OTHER_TREE,原工作树离线研究/文档,不是本实现树运行完成证据,F1,eee320e8101650e1ba2d714466814391b5fae939ffad532d0c0c1e3e16c747ad
E:\Project\falcor\Falcor,docs/research/captures/2026-09-09-1/analyze_exports.py,present,HISTORICAL_OTHER_TREE,原工作树离线研究/文档,不是本实现树运行完成证据,F1,5984aa7c4706ccc20afcf2450295a0a677b8e5c5c3439afd93cea2d22a6ad969
E:\Project\falcor\Falcor,docs/research/captures/2026-09-09-1/api-methods.json,present,HISTORICAL_OTHER_TREE,原工作树离线研究/文档,不是本实现树运行完成证据,F1,0105879da6740b70fa628eac88cd023a0a7c05553c94ad18f175a41c45f1645f
E:\Project\falcor\Falcor,docs/research/captures/2026-09-09-1/api.json,present,HISTORICAL_OTHER_TREE,原工作树离线研究/文档,不是本实现树运行完成证据,F1,93ad75259b25d84073f914a0c7079857ed1dce92abdd75a4046d24f0d6cbb8d2
E:\Project\falcor\Falcor,docs/research/captures/2026-09-09-1/bindings-1014-Pixel.json,present,HISTORICAL_OTHER_TREE,原工作树离线研究/文档,不是本实现树运行完成证据,F1,866ddaf7436eb05c9a23ff686838ffa224bb70765e1a580babf51c94ef9bc966
E:\Project\falcor\Falcor,docs/research/captures/2026-09-09-1/bindings-1014-Vertex.json,present,HISTORICAL_OTHER_TREE,原工作树离线研究/文档,不是本实现树运行完成证据,F1,8b243293ee6f988b40f7a17348d2d0894ae5d567928e255223dcf9f42fe3eac6
E:\Project\falcor\Falcor,docs/research/captures/2026-09-09-1/bindings-1816-Pixel.json,present,HISTORICAL_OTHER_TREE,原工作树离线研究/文档,不是本实现树运行完成证据,F1,438c141d31319420199d241b1b50ef22d6041db257d7c7e14ce505d420c8e9de
E:\Project\falcor\Falcor,docs/research/captures/2026-09-09-1/bindings-1816-Vertex.json,present,HISTORICAL_OTHER_TREE,原工作树离线研究/文档,不是本实现树运行完成证据,F1,cf569423225513c06d4c27e89be006b86e9a622ed6995abbfe754698d5789659
E:\Project\falcor\Falcor,docs/research/captures/2026-09-09-1/bindings-1827-Pixel.json,present,HISTORICAL_OTHER_TREE,原工作树离线研究/文档,不是本实现树运行完成证据,F1,438c141d31319420199d241b1b50ef22d6041db257d7c7e14ce505d420c8e9de
E:\Project\falcor\Falcor,docs/research/captures/2026-09-09-1/bindings-1827-Vertex.json,present,HISTORICAL_OTHER_TREE,原工作树离线研究/文档,不是本实现树运行完成证据,F1,5bb22474031cfb0d750a67572eafb17db2198bc134a3705eb41f71009957fbe3
E:\Project\falcor\Falcor,docs/research/captures/2026-09-09-1/bindings-1838-Pixel.json,present,HISTORICAL_OTHER_TREE,原工作树离线研究/文档,不是本实现树运行完成证据,F1,438c141d31319420199d241b1b50ef22d6041db257d7c7e14ce505d420c8e9de
E:\Project\falcor\Falcor,docs/research/captures/2026-09-09-1/bindings-1838-Vertex.json,present,HISTORICAL_OTHER_TREE,原工作树离线研究/文档,不是本实现树运行完成证据,F1,2130cc80172e4418ce65dc30c923c819ae5b9ddfcb7c34621203c942caa1e14e
E:\Project\falcor\Falcor,docs/research/captures/2026-09-09-1/bindings-1853-Pixel.json,present,HISTORICAL_OTHER_TREE,原工作树离线研究/文档,不是本实现树运行完成证据,F1,35332594ec5ba1f691a7cceb02e3c18468a25ca24ea4505c7996412f21d96df2
E:\Project\falcor\Falcor,docs/research/captures/2026-09-09-1/bindings-1853-Vertex.json,present,HISTORICAL_OTHER_TREE,原工作树离线研究/文档,不是本实现树运行完成证据,F1,721168aab5598439e8ac49277d7c6a6bf113930092ecf0615aed27416ba1be8a
E:\Project\falcor\Falcor,docs/research/captures/2026-09-09-1/bindings-1920-Pixel.json,present,HISTORICAL_OTHER_TREE,原工作树离线研究/文档,不是本实现树运行完成证据,F1,5098678cf318b3c2246dcee2732ffa9699fa7b4fac0dcf5e9dcee2ab67c091a4
E:\Project\falcor\Falcor,docs/research/captures/2026-09-09-1/bindings-1920-Vertex.json,present,HISTORICAL_OTHER_TREE,原工作树离线研究/文档,不是本实现树运行完成证据,F1,0fb3e038b7e60d8087ea77310081dd9872dacedc189199801f887fa504d23b10
E:\Project\falcor\Falcor,docs/research/captures/2026-09-09-1/bindings-2655-Pixel.json,present,HISTORICAL_OTHER_TREE,原工作树离线研究/文档,不是本实现树运行完成证据,F1,5438a63320cd7c25b3f815302974d856e2df13d22a8b6a85b410e15ba76068a4
E:\Project\falcor\Falcor,docs/research/captures/2026-09-09-1/bindings-2655-Vertex.json,present,HISTORICAL_OTHER_TREE,原工作树离线研究/文档,不是本实现树运行完成证据,F1,f9318f860b1de551c4feabfbe2619fb36c467e432c3f011f63f2116de88e93b4
E:\Project\falcor\Falcor,docs/research/captures/2026-09-09-1/bindings-3781-Compute.json,present,HISTORICAL_OTHER_TREE,原工作树离线研究/文档,不是本实现树运行完成证据,F1,075064cdc00711096cc98dc7cfe2782ff8884d3b33264379366d23b34e382f3b
E:\Project\falcor\Falcor,docs/research/captures/2026-09-09-1/bindings-4193-Pixel.json,present,HISTORICAL_OTHER_TREE,原工作树离线研究/文档,不是本实现树运行完成证据,F1,b34f2775ada216f8167075dad6f4f08d316cfd228560aa5b2625fb3fca0f4940
E:\Project\falcor\Falcor,docs/research/captures/2026-09-09-1/bindings-4193-Vertex.json,present,HISTORICAL_OTHER_TREE,原工作树离线研究/文档,不是本实现树运行完成证据,F1,def78c52dc737ed095d8a1189d4ed4e53b3a8e2679b07731a856f799469430d0
E:\Project\falcor\Falcor,docs/research/captures/2026-09-09-1/capture-hash.json,present,HISTORICAL_OTHER_TREE,原工作树离线研究/文档,不是本实现树运行完成证据,F1,2a01f9cf48485b0f9e3ed099eb7919165acbf8418dd7f4789378a819ad80d2f0
E:\Project\falcor\Falcor,docs/research/captures/2026-09-09-1/cbuffer-1014-Vertex-0.bin,present,HISTORICAL_OTHER_TREE,原工作树离线研究/文档,不是本实现树运行完成证据,F1,4045154c242f2bee105d25b8f17b4d52e3a00865e6bcb013d3d77eeca5ee05c6
E:\Project\falcor\Falcor,docs/research/captures/2026-09-09-1/cbuffer-1014-Vertex-1.bin,present,HISTORICAL_OTHER_TREE,原工作树离线研究/文档,不是本实现树运行完成证据,F1,92804f81e9a3abdbf5b3d3deddeb7318e1723cbecc70e32b58816280990cbea6
E:\Project\falcor\Falcor,docs/research/captures/2026-09-09-1/cbuffer-1816-Pixel-0.bin,present,HISTORICAL_OTHER_TREE,原工作树离线研究/文档,不是本实现树运行完成证据,F1,4045154c242f2bee105d25b8f17b4d52e3a00865e6bcb013d3d77eeca5ee05c6
E:\Project\falcor\Falcor,docs/research/captures/2026-09-09-1/cbuffer-1816-Pixel-1.bin,present,HISTORICAL_OTHER_TREE,原工作树离线研究/文档,不是本实现树运行完成证据,F1,92804f81e9a3abdbf5b3d3deddeb7318e1723cbecc70e32b58816280990cbea6
E:\Project\falcor\Falcor,docs/research/captures/2026-09-09-1/cbuffer-1816-Pixel-2.bin,present,HISTORICAL_OTHER_TREE,原工作树离线研究/文档,不是本实现树运行完成证据,F1,2f045d2ab16ed7f1e408506d98513d079cc74137c3df164986579322ba6f9c9b
E:\Project\falcor\Falcor,docs/research/captures/2026-09-09-1/cbuffer-1816-Vertex-0.bin,present,HISTORICAL_OTHER_TREE,原工作树离线研究/文档,不是本实现树运行完成证据,F1,4045154c242f2bee105d25b8f17b4d52e3a00865e6bcb013d3d77eeca5ee05c6
E:\Project\falcor\Falcor,docs/research/captures/2026-09-09-1/cbuffer-1816-Vertex-1.bin,present,HISTORICAL_OTHER_TREE,原工作树离线研究/文档,不是本实现树运行完成证据,F1,92804f81e9a3abdbf5b3d3deddeb7318e1723cbecc70e32b58816280990cbea6
E:\Project\falcor\Falcor,docs/research/captures/2026-09-09-1/cbuffer-1816-Vertex-2.bin,present,HISTORICAL_OTHER_TREE,原工作树离线研究/文档,不是本实现树运行完成证据,F1,c49a9bc25c02c12fa344f2979d81b41293a60a94c2bbc199793e29734c9cd624
E:\Project\falcor\Falcor,docs/research/captures/2026-09-09-1/cbuffer-1827-Pixel-0.bin,present,HISTORICAL_OTHER_TREE,原工作树离线研究/文档,不是本实现树运行完成证据,F1,4045154c242f2bee105d25b8f17b4d52e3a00865e6bcb013d3d77eeca5ee05c6
E:\Project\falcor\Falcor,docs/research/captures/2026-09-09-1/cbuffer-1827-Pixel-1.bin,present,HISTORICAL_OTHER_TREE,原工作树离线研究/文档,不是本实现树运行完成证据,F1,92804f81e9a3abdbf5b3d3deddeb7318e1723cbecc70e32b58816280990cbea6
E:\Project\falcor\Falcor,docs/research/captures/2026-09-09-1/cbuffer-1827-Pixel-2.bin,present,HISTORICAL_OTHER_TREE,原工作树离线研究/文档,不是本实现树运行完成证据,F1,2f045d2ab16ed7f1e408506d98513d079cc74137c3df164986579322ba6f9c9b
E:\Project\falcor\Falcor,docs/research/captures/2026-09-09-1/cbuffer-1827-Vertex-0.bin,present,HISTORICAL_OTHER_TREE,原工作树离线研究/文档,不是本实现树运行完成证据,F1,4045154c242f2bee105d25b8f17b4d52e3a00865e6bcb013d3d77eeca5ee05c6
E:\Project\falcor\Falcor,docs/research/captures/2026-09-09-1/cbuffer-1827-Vertex-1.bin,present,HISTORICAL_OTHER_TREE,原工作树离线研究/文档,不是本实现树运行完成证据,F1,92804f81e9a3abdbf5b3d3deddeb7318e1723cbecc70e32b58816280990cbea6
E:\Project\falcor\Falcor,docs/research/captures/2026-09-09-1/cbuffer-1827-Vertex-2.bin,present,HISTORICAL_OTHER_TREE,原工作树离线研究/文档,不是本实现树运行完成证据,F1,b8c1d466cdd6c93061154834ba9079b6d8c333c7bc740ad35a6c6ae6d8174908
E:\Project\falcor\Falcor,docs/research/captures/2026-09-09-1/cbuffer-1838-Pixel-0.bin,present,HISTORICAL_OTHER_TREE,原工作树离线研究/文档,不是本实现树运行完成证据,F1,4045154c242f2bee105d25b8f17b4d52e3a00865e6bcb013d3d77eeca5ee05c6
E:\Project\falcor\Falcor,docs/research/captures/2026-09-09-1/cbuffer-1838-Pixel-1.bin,present,HISTORICAL_OTHER_TREE,原工作树离线研究/文档,不是本实现树运行完成证据,F1,92804f81e9a3abdbf5b3d3deddeb7318e1723cbecc70e32b58816280990cbea6
E:\Project\falcor\Falcor,docs/research/captures/2026-09-09-1/cbuffer-1838-Pixel-2.bin,present,HISTORICAL_OTHER_TREE,原工作树离线研究/文档,不是本实现树运行完成证据,F1,2f045d2ab16ed7f1e408506d98513d079cc74137c3df164986579322ba6f9c9b
E:\Project\falcor\Falcor,docs/research/captures/2026-09-09-1/cbuffer-1838-Vertex-0.bin,present,HISTORICAL_OTHER_TREE,原工作树离线研究/文档,不是本实现树运行完成证据,F1,4045154c242f2bee105d25b8f17b4d52e3a00865e6bcb013d3d77eeca5ee05c6
E:\Project\falcor\Falcor,docs/research/captures/2026-09-09-1/cbuffer-1838-Vertex-1.bin,present,HISTORICAL_OTHER_TREE,原工作树离线研究/文档,不是本实现树运行完成证据,F1,92804f81e9a3abdbf5b3d3deddeb7318e1723cbecc70e32b58816280990cbea6
E:\Project\falcor\Falcor,docs/research/captures/2026-09-09-1/cbuffer-1838-Vertex-2.bin,present,HISTORICAL_OTHER_TREE,原工作树离线研究/文档,不是本实现树运行完成证据,F1,2256b6b896f400e4c5612e16f34fd913d9740f40b0f43e8304ee9659ada23720
E:\Project\falcor\Falcor,docs/research/captures/2026-09-09-1/cbuffer-1853-Pixel-0.bin,present,HISTORICAL_OTHER_TREE,原工作树离线研究/文档,不是本实现树运行完成证据,F1,4045154c242f2bee105d25b8f17b4d52e3a00865e6bcb013d3d77eeca5ee05c6
E:\Project\falcor\Falcor,docs/research/captures/2026-09-09-1/cbuffer-1853-Pixel-1.bin,present,HISTORICAL_OTHER_TREE,原工作树离线研究/文档,不是本实现树运行完成证据,F1,92804f81e9a3abdbf5b3d3deddeb7318e1723cbecc70e32b58816280990cbea6
E:\Project\falcor\Falcor,docs/research/captures/2026-09-09-1/cbuffer-1853-Pixel-2.bin,present,HISTORICAL_OTHER_TREE,原工作树离线研究/文档,不是本实现树运行完成证据,F1,eaaa711b5597f565b11853b5f3c2a405d7183296e1addc40e7e57912842ca486
E:\Project\falcor\Falcor,docs/research/captures/2026-09-09-1/cbuffer-1853-Vertex-0.bin,present,HISTORICAL_OTHER_TREE,原工作树离线研究/文档,不是本实现树运行完成证据,F1,4045154c242f2bee105d25b8f17b4d52e3a00865e6bcb013d3d77eeca5ee05c6
E:\Project\falcor\Falcor,docs/research/captures/2026-09-09-1/cbuffer-1853-Vertex-1.bin,present,HISTORICAL_OTHER_TREE,原工作树离线研究/文档,不是本实现树运行完成证据,F1,92804f81e9a3abdbf5b3d3deddeb7318e1723cbecc70e32b58816280990cbea6
E:\Project\falcor\Falcor,docs/research/captures/2026-09-09-1/cbuffer-1853-Vertex-2.bin,present,HISTORICAL_OTHER_TREE,原工作树离线研究/文档,不是本实现树运行完成证据,F1,4702a4444fb630041ffc0785620e09506e6224294a8becfd4c2501ca6597c490
E:\Project\falcor\Falcor,docs/research/captures/2026-09-09-1/cbuffer-1920-Pixel-0.bin,present,HISTORICAL_OTHER_TREE,原工作树离线研究/文档,不是本实现树运行完成证据,F1,4045154c242f2bee105d25b8f17b4d52e3a00865e6bcb013d3d77eeca5ee05c6
E:\Project\falcor\Falcor,docs/research/captures/2026-09-09-1/cbuffer-1920-Pixel-1.bin,present,HISTORICAL_OTHER_TREE,原工作树离线研究/文档,不是本实现树运行完成证据,F1,92804f81e9a3abdbf5b3d3deddeb7318e1723cbecc70e32b58816280990cbea6
E:\Project\falcor\Falcor,docs/research/captures/2026-09-09-1/cbuffer-1920-Pixel-2.bin,present,HISTORICAL_OTHER_TREE,原工作树离线研究/文档,不是本实现树运行完成证据,F1,d2db57660791eb6374bda6fbd3f94dab110a3cc2a4183b74a3b7ae6c4f62539f
E:\Project\falcor\Falcor,docs/research/captures/2026-09-09-1/cbuffer-1920-Vertex-0.bin,present,HISTORICAL_OTHER_TREE,原工作树离线研究/文档,不是本实现树运行完成证据,F1,4045154c242f2bee105d25b8f17b4d52e3a00865e6bcb013d3d77eeca5ee05c6
E:\Project\falcor\Falcor,docs/research/captures/2026-09-09-1/cbuffer-1920-Vertex-1.bin,present,HISTORICAL_OTHER_TREE,原工作树离线研究/文档,不是本实现树运行完成证据,F1,92804f81e9a3abdbf5b3d3deddeb7318e1723cbecc70e32b58816280990cbea6
E:\Project\falcor\Falcor,docs/research/captures/2026-09-09-1/cbuffer-1920-Vertex-2.bin,present,HISTORICAL_OTHER_TREE,原工作树离线研究/文档,不是本实现树运行完成证据,F1,3d1f73b247dcb5dd019e71d7d8ca020141bd4700dd2d85b51722df642b7f3d37
E:\Project\falcor\Falcor,docs/research/captures/2026-09-09-1/cbuffer-2655-Pixel-0.bin,present,HISTORICAL_OTHER_TREE,原工作树离线研究/文档,不是本实现树运行完成证据,F1,4045154c242f2bee105d25b8f17b4d52e3a00865e6bcb013d3d77eeca5ee05c6
E:\Project\falcor\Falcor,docs/research/captures/2026-09-09-1/cbuffer-2655-Pixel-1.bin,present,HISTORICAL_OTHER_TREE,原工作树离线研究/文档,不是本实现树运行完成证据,F1,51afaea5fe7bdc5eaf6b855156a390938d221ca79aea815add4b2158bc6ae2b7
E:\Project\falcor\Falcor,docs/research/captures/2026-09-09-1/cbuffer-2655-Vertex-0.bin,present,HISTORICAL_OTHER_TREE,原工作树离线研究/文档,不是本实现树运行完成证据,F1,3b36d9342f663be48c8effa4660b2c105cb5f62fce8ffc3e2743c6fee4ba20b1
E:\Project\falcor\Falcor,docs/research/captures/2026-09-09-1/cbuffer-2655-Vertex-1.bin,present,HISTORICAL_OTHER_TREE,原工作树离线研究/文档,不是本实现树运行完成证据,F1,4045154c242f2bee105d25b8f17b4d52e3a00865e6bcb013d3d77eeca5ee05c6
E:\Project\falcor\Falcor,docs/research/captures/2026-09-09-1/cbuffer-3781-Compute-0.bin,present,HISTORICAL_OTHER_TREE,原工作树离线研究/文档,不是本实现树运行完成证据,F1,451bb418987f0577ca1f4d7ee8dc865a3ff800721edbfdd2b1d9b0a61bb2f018
E:\Project\falcor\Falcor,docs/research/captures/2026-09-09-1/cbuffer-4193-Pixel-0.bin,present,HISTORICAL_OTHER_TREE,原工作树离线研究/文档,不是本实现树运行完成证据,F1,0f15d758f7c5ff7ac446030c4f6edd3fde0de1e22176263cb6cfff9180996bd0
E:\Project\falcor\Falcor,docs/research/captures/2026-09-09-1/cbuffer-4193-Pixel-1.bin,present,HISTORICAL_OTHER_TREE,原工作树离线研究/文档,不是本实现树运行完成证据,F1,4045154c242f2bee105d25b8f17b4d52e3a00865e6bcb013d3d77eeca5ee05c6
E:\Project\falcor\Falcor,docs/research/captures/2026-09-09-1/cbuffer-4193-Vertex-0.bin,present,HISTORICAL_OTHER_TREE,原工作树离线研究/文档,不是本实现树运行完成证据,F1,fd026f3f102e4537a09eeda659bb2c731f4653658cb4f710aa0a21c6e593a832
E:\Project\falcor\Falcor,docs/research/captures/2026-09-09-1/cbuffer-4193-Vertex-1.bin,present,HISTORICAL_OTHER_TREE,原工作树离线研究/文档,不是本实现树运行完成证据,F1,6c157ef65e29d3e5f61b46e87258a91fd09913d924b792a1d4c45793748d7508
E:\Project\falcor\Falcor,docs/research/captures/2026-09-09-1/cbuffers-1014-Vertex.json,present,HISTORICAL_OTHER_TREE,原工作树离线研究/文档,不是本实现树运行完成证据,F1,b01ea6a4ea43f704e1f02c010364d46c94fa05c45bbab00f095aed68ce31880e
E:\Project\falcor\Falcor,docs/research/captures/2026-09-09-1/cbuffers-1816-Pixel.json,present,HISTORICAL_OTHER_TREE,原工作树离线研究/文档,不是本实现树运行完成证据,F1,7db5fc914c0ebe1de89a03f3c6c2985467b20861f063c436a2dc8b409090f10d
E:\Project\falcor\Falcor,docs/research/captures/2026-09-09-1/cbuffers-1816-Vertex.json,present,HISTORICAL_OTHER_TREE,原工作树离线研究/文档,不是本实现树运行完成证据,F1,faff47a4f7ce12713305fea045491b36d47a3e0bba28540a9e1bfc042c6b5407
E:\Project\falcor\Falcor,docs/research/captures/2026-09-09-1/cbuffers-1827-Pixel.json,present,HISTORICAL_OTHER_TREE,原工作树离线研究/文档,不是本实现树运行完成证据,F1,018fb21b85728340bc2f207ad1f250ab01ad01e6ddeb2c61072634165497b121
E:\Project\falcor\Falcor,docs/research/captures/2026-09-09-1/cbuffers-1827-Vertex.json,present,HISTORICAL_OTHER_TREE,原工作树离线研究/文档,不是本实现树运行完成证据,F1,379c096117b7004cca2dfc2d2a7f0ce975bf9d0e59fa313e78056130606eeeb0
E:\Project\falcor\Falcor,docs/research/captures/2026-09-09-1/cbuffers-1838-Pixel.json,present,HISTORICAL_OTHER_TREE,原工作树离线研究/文档,不是本实现树运行完成证据,F1,7c19d44a12e683eacbd71512fb13260506cb24d8fe967df6d4b0a45fc402a8e0
E:\Project\falcor\Falcor,docs/research/captures/2026-09-09-1/cbuffers-1838-Vertex.json,present,HISTORICAL_OTHER_TREE,原工作树离线研究/文档,不是本实现树运行完成证据,F1,17a292a78c757bb3cc745c325b17e6a17a77f0d5fbf71dc2863698f577d0e564
E:\Project\falcor\Falcor,docs/research/captures/2026-09-09-1/cbuffers-1853-Pixel.json,present,HISTORICAL_OTHER_TREE,原工作树离线研究/文档,不是本实现树运行完成证据,F1,5c9ee4d9bc23393cc6e0c029cda072787dfe1d4105f61b90313cec0c6cc51924
E:\Project\falcor\Falcor,docs/research/captures/2026-09-09-1/cbuffers-1853-Vertex.json,present,HISTORICAL_OTHER_TREE,原工作树离线研究/文档,不是本实现树运行完成证据,F1,e716114e4aea46d1ee5916e97b19333fe263de2f0eee4d4dbd3ef72129fec947
E:\Project\falcor\Falcor,docs/research/captures/2026-09-09-1/cbuffers-1920-Pixel.json,present,HISTORICAL_OTHER_TREE,原工作树离线研究/文档,不是本实现树运行完成证据,F1,828cd00d9175f408c06690f09b4914060074aad27453179daec87861e1b31633
E:\Project\falcor\Falcor,docs/research/captures/2026-09-09-1/cbuffers-1920-Vertex.json,present,HISTORICAL_OTHER_TREE,原工作树离线研究/文档,不是本实现树运行完成证据,F1,485df34a3bf84e802d2ce8a8c110182fff9af0c5348f8229408fd7772eb66396
E:\Project\falcor\Falcor,docs/research/captures/2026-09-09-1/cbuffers-2655-Pixel.json,present,HISTORICAL_OTHER_TREE,原工作树离线研究/文档,不是本实现树运行完成证据,F1,73ecbc2a975325e139bb6497af471e7cfcf2be7f34926410eedbeff4efc27615
E:\Project\falcor\Falcor,docs/research/captures/2026-09-09-1/cbuffers-2655-Vertex.json,present,HISTORICAL_OTHER_TREE,原工作树离线研究/文档,不是本实现树运行完成证据,F1,bc4c4821fd9848e9f0faa8251d283bb5ba0ca17920cc6c38f9002a6078500539
E:\Project\falcor\Falcor,docs/research/captures/2026-09-09-1/cbuffers-3781-Compute.json,present,HISTORICAL_OTHER_TREE,原工作树离线研究/文档,不是本实现树运行完成证据,F1,0184951e1c6d18ca8ceb40e33746802a5cddf8b9fab51f7971966122663da750
E:\Project\falcor\Falcor,docs/research/captures/2026-09-09-1/cbuffers-4193-Pixel.json,present,HISTORICAL_OTHER_TREE,原工作树离线研究/文档,不是本实现树运行完成证据,F1,e351ec50929ec7156e55213a4cee5ac1b4224cd48001a5ca26d08f72737cc31c
E:\Project\falcor\Falcor,docs/research/captures/2026-09-09-1/cbuffers-4193-Vertex.json,present,HISTORICAL_OTHER_TREE,原工作树离线研究/文档,不是本实现树运行完成证据,F1,94f51ca7f8ca00a25829a4008113e607876a11e0d89980bb56cf9ea37e5d714a
E:\Project\falcor\Falcor,docs/research/captures/2026-09-09-1/clear-chunks.json,present,HISTORICAL_OTHER_TREE,原工作树离线研究/文档,不是本实现树运行完成证据,F1,7a12f72ce9c60a162f45d6f5755cb4067516af089e8e4f03810c746f49c5537a
E:\Project\falcor\Falcor,docs/research/captures/2026-09-09-1/diagnostics.jpg,present,HISTORICAL_OTHER_TREE,原工作树离线研究/文档,不是本实现树运行完成证据,F1,570bc1c66248bd2c55981dfafe8fd2a2b61a24c1b648df447671ed4f79b3a22f
E:\Project\falcor\Falcor,docs/research/captures/2026-09-09-1/disassembly-targets.json,present,HISTORICAL_OTHER_TREE,原工作树离线研究/文档,不是本实现树运行完成证据,F1,6e8e64401689924f19e5be088dc0a3829490deedd66a024817315f18b3436998
E:\Project\falcor\Falcor,docs/research/captures/2026-09-09-1/done.json,present,HISTORICAL_OTHER_TREE,原工作树离线研究/文档,不是本实现树运行完成证据,F1,8f45c17110e6a071410878dfe7fd6c85e65b40311e1c3162853072127b3b1ccf
E:\Project\falcor\Falcor,docs/research/captures/2026-09-09-1/draw-facts.json,present,HISTORICAL_OTHER_TREE,原工作树离线研究/文档,不是本实现树运行完成证据,F1,41f5340b02e862cbc439faf84f67a6f9f909131be8b32c62ad7fc366f3429fbe
E:\Project\falcor\Falcor,docs/research/captures/2026-09-09-1/exports-1853.json,present,HISTORICAL_OTHER_TREE,原工作树离线研究/文档,不是本实现树运行完成证据,F1,e5bcbac791f70451554bd55d86a770b152986487e7925fef3673ec815ec2eff1
E:\Project\falcor\Falcor,docs/research/captures/2026-09-09-1/exports-1920.json,present,HISTORICAL_OTHER_TREE,原工作树离线研究/文档,不是本实现树运行完成证据,F1,958bb5a078fae7c47d16253ea08b96d20ca6f4501b53a68956ef3563d9ed4621
E:\Project\falcor\Falcor,docs/research/captures/2026-09-09-1/exports-2655.json,present,HISTORICAL_OTHER_TREE,原工作树离线研究/文档,不是本实现树运行完成证据,F1,953b21e565e4d961805ab8aba5fcefc527566e3634872560104a22412598db84
E:\Project\falcor\Falcor,docs/research/captures/2026-09-09-1/exports-4193.json,present,HISTORICAL_OTHER_TREE,原工作树离线研究/文档,不是本实现树运行完成证据,F1,a0bd707c6f35d622ba04a6656636e7954959af103b6b53f8a8d75bad8eac90ac
E:\Project\falcor\Falcor,docs/research/captures/2026-09-09-1/eye-adaptation-3781.json,present,HISTORICAL_OTHER_TREE,原工作树离线研究/文档,不是本实现树运行完成证据,F1,4005fbda3f22aa693301d144fa14ae9e199e0439414571e401d17130e9f5682a
E:\Project\falcor\Falcor,docs/research/captures/2026-09-09-1/eye-adaptation-4193.json,present,HISTORICAL_OTHER_TREE,原工作树离线研究/文档,不是本实现树运行完成证据,F1,4005fbda3f22aa693301d144fa14ae9e199e0439414571e401d17130e9f5682a
E:\Project\falcor\Falcor,docs/research/captures/2026-09-09-1/frame.json,present,HISTORICAL_OTHER_TREE,原工作树离线研究/文档,不是本实现树运行完成证据,F1,de0c22326805c704d5495ec028a3b762fff1d0eb234b8ac93e29bbddb6eac091
E:\Project\falcor\Falcor,docs/research/captures/2026-09-09-1/inspect_capture.py,present,HISTORICAL_OTHER_TREE,原工作树离线研究/文档,不是本实现树运行完成证据,F1,0eba140050441f1b850590e76346d70f94d646ea3e9a9f4ad7a4cb13ce2f1b08
E:\Project\falcor\Falcor,docs/research/captures/2026-09-09-1/manifest.json,present,HISTORICAL_OTHER_TREE,原工作树离线研究/文档,不是本实现树运行完成证据,F1,b8b87633f43ac7437cfb90afac6702bd713885e07305c8eacc83776052ac9267
E:\Project\falcor\Falcor,docs/research/captures/2026-09-09-1/open-status.json,present,HISTORICAL_OTHER_TREE,原工作树离线研究/文档,不是本实现树运行完成证据,F1,8c278af0bc0e31f30f1c232c4dfed957eb500e1df00ff732866bd67c652577e4
E:\Project\falcor\Falcor,docs/research/captures/2026-09-09-1/pipeline-1014.json,present,HISTORICAL_OTHER_TREE,原工作树离线研究/文档,不是本实现树运行完成证据,F1,52cfd354407a49b8ae28f665db8eb31d1f35fef40ba655aa434d3d3ce3af73c5
E:\Project\falcor\Falcor,docs/research/captures/2026-09-09-1/pipeline-1816.json,present,HISTORICAL_OTHER_TREE,原工作树离线研究/文档,不是本实现树运行完成证据,F1,768a455cea3427a07c675379a4d3dcaa82e7e23322b58352ee2f639bb4f83ce1
E:\Project\falcor\Falcor,docs/research/captures/2026-09-09-1/pipeline-1827.json,present,HISTORICAL_OTHER_TREE,原工作树离线研究/文档,不是本实现树运行完成证据,F1,94cf927492d94e0bd3fd610121bac26eea038f69eb565966a2200582f478a1c8
E:\Project\falcor\Falcor,docs/research/captures/2026-09-09-1/pipeline-1838.json,present,HISTORICAL_OTHER_TREE,原工作树离线研究/文档,不是本实现树运行完成证据,F1,8acc425656ea3e5461972ca4be0da45ee85ead602d62ba980d9f312827edac76
E:\Project\falcor\Falcor,docs/research/captures/2026-09-09-1/pipeline-1853.json,present,HISTORICAL_OTHER_TREE,原工作树离线研究/文档,不是本实现树运行完成证据,F1,081694db9748225e6586706c8b5ba4ea015f1c38425805b695e1abf641a9a975
E:\Project\falcor\Falcor,docs/research/captures/2026-09-09-1/pipeline-1920.json,present,HISTORICAL_OTHER_TREE,原工作树离线研究/文档,不是本实现树运行完成证据,F1,90d2140fb31facdf6e34477e718f00a49d91cda3c6cf72c7c5fb4b262c482d58
E:\Project\falcor\Falcor,docs/research/captures/2026-09-09-1/pipeline-2655.json,present,HISTORICAL_OTHER_TREE,原工作树离线研究/文档,不是本实现树运行完成证据,F1,55598bfc78bc73658f22e7fc2c25213b353e78d90b77b5b4f174cab5f1734783
E:\Project\falcor\Falcor,docs/research/captures/2026-09-09-1/pipeline-3781.json,present,HISTORICAL_OTHER_TREE,原工作树离线研究/文档,不是本实现树运行完成证据,F1,5dcb90dd55c462c242fbfa6860de89758e2bb46f7a8c8448e2ac8f8fe40687cc
E:\Project\falcor\Falcor,docs/research/captures/2026-09-09-1/pipeline-4193.json,present,HISTORICAL_OTHER_TREE,原工作树离线研究/文档,不是本实现树运行完成证据,F1,4d7591d5dfbb762e1ea97e7dd7cddec1c12291862852ebf556f8edfd99850488
E:\Project\falcor\Falcor,docs/research/captures/2026-09-09-1/pipeline-api.json,present,HISTORICAL_OTHER_TREE,原工作树离线研究/文档,不是本实现树运行完成证据,F1,24166d2ef32f5292a07d4f511c18717653bcc75d81b51eae6c8ac0d271a0ef0c
E:\Project\falcor\Falcor,docs/research/captures/2026-09-09-1/probe_sdobject.py,present,HISTORICAL_OTHER_TREE,原工作树离线研究/文档,不是本实现树运行完成证据,F1,db2bdbae748e94f89ce3b752716ec825d654eaeeb7b258328b097d3486f8c26a
E:\Project\falcor\Falcor,docs/research/captures/2026-09-09-1/reflection-1014-Vertex.json,present,HISTORICAL_OTHER_TREE,原工作树离线研究/文档,不是本实现树运行完成证据,F1,bc4de1bb14534fcce18f78663781622d75622064bee8c7ce42ae30a5f04a7f5f
E:\Project\falcor\Falcor,docs/research/captures/2026-09-09-1/reflection-1816-Pixel.json,present,HISTORICAL_OTHER_TREE,原工作树离线研究/文档,不是本实现树运行完成证据,F1,5586edd8d27501e6bfd9755cdd612a83a7ac621ecb3ec9cc0aace482e3d05037
E:\Project\falcor\Falcor,docs/research/captures/2026-09-09-1/reflection-1816-Vertex.json,present,HISTORICAL_OTHER_TREE,原工作树离线研究/文档,不是本实现树运行完成证据,F1,55018c5369013ed65a42f8e8c7c9f581f53da6a42082caa1c865f41feaeaebc8
E:\Project\falcor\Falcor,docs/research/captures/2026-09-09-1/reflection-1853-Pixel.json,present,HISTORICAL_OTHER_TREE,原工作树离线研究/文档,不是本实现树运行完成证据,F1,d14c4ea2708c753e23f2aea20f069b5d35b665d6e4fd2ef092e47534ff1390e9
E:\Project\falcor\Falcor,docs/research/captures/2026-09-09-1/reflection-1853-Vertex.json,present,HISTORICAL_OTHER_TREE,原工作树离线研究/文档,不是本实现树运行完成证据,F1,c7ea4a248ecc390121d38fdb79a0f659acfef5d0fb864e511fc0596359261e19
E:\Project\falcor\Falcor,docs/research/captures/2026-09-09-1/reflection-1920-Pixel.json,present,HISTORICAL_OTHER_TREE,原工作树离线研究/文档,不是本实现树运行完成证据,F1,a9f21315e98931751d60169219e2ff26d3aebadc64973f77177987a8a02213b6
E:\Project\falcor\Falcor,docs/research/captures/2026-09-09-1/reflection-1920-Vertex.json,present,HISTORICAL_OTHER_TREE,原工作树离线研究/文档,不是本实现树运行完成证据,F1,4f05c7ab8eef3d3374fd06002357ad29177ac2c2dfeeb4c293b15d51b52d08f3
E:\Project\falcor\Falcor,docs/research/captures/2026-09-09-1/reflection-2655-Pixel.json,present,HISTORICAL_OTHER_TREE,原工作树离线研究/文档,不是本实现树运行完成证据,F1,35e47d51db1bd1ef3e7bf7058193504bddbb1da29f2cba1da4653c8c38fc1582
E:\Project\falcor\Falcor,docs/research/captures/2026-09-09-1/reflection-2655-Vertex.json,present,HISTORICAL_OTHER_TREE,原工作树离线研究/文档,不是本实现树运行完成证据,F1,78639c5254976f17277104f01ced89dfc2883def5ce897a1f8b3f6d0406c95cb
E:\Project\falcor\Falcor,docs/research/captures/2026-09-09-1/reflection-3781-Compute.json,present,HISTORICAL_OTHER_TREE,原工作树离线研究/文档,不是本实现树运行完成证据,F1,b1f3f0ddfbd054416ff0145164cd6ddfaa942f4ed6e7b6c15aabeb7e72eb46d8
E:\Project\falcor\Falcor,docs/research/captures/2026-09-09-1/reflection-4193-Pixel.json,present,HISTORICAL_OTHER_TREE,原工作树离线研究/文档,不是本实现树运行完成证据,F1,eb039334f933182a2cb788f7fb0ccc43a6368ec6854971122d2cc8343f0f6d01
E:\Project\falcor\Falcor,docs/research/captures/2026-09-09-1/reflection-4193-Vertex.json,present,HISTORICAL_OTHER_TREE,原工作树离线研究/文档,不是本实现树运行完成证据,F1,04832230ddada4cf40a9e7af431f02aac976d09fa81db87d01ccef754dcf90d8
E:\Project\falcor\Falcor,docs/research/captures/2026-09-09-1/replay-status.json,present,HISTORICAL_OTHER_TREE,原工作树离线研究/文档,不是本实现树运行完成证据,F1,26cf805e1a8e242373a8043af1aab66f87c0eca3b128cdbbff00f9a7dc2bd9ec
E:\Project\falcor\Falcor,docs/research/captures/2026-09-09-1/resources.json,present,HISTORICAL_OTHER_TREE,原工作树离线研究/文档,不是本实现树运行完成证据,F1,1deae175ad8e7248c18279d832eaf3dfcf740db845bffb13ddce2a64c7a9d861
E:\Project\falcor\Falcor,docs/research/captures/2026-09-09-1/sdobject-api.json,present,HISTORICAL_OTHER_TREE,原工作树离线研究/文档,不是本实现树运行完成证据,F1,3b1c3df67d4e096f2babe10902e5e1225abab35585e15ef4ac857f05914edd2f
E:\Project\falcor\Falcor,docs/research/captures/2026-09-09-1/shader-1014-Vertex.txt,present,HISTORICAL_OTHER_TREE,原工作树离线研究/文档,不是本实现树运行完成证据,F1,3c59eedd715be773bcb7e3d4119390f51a70197afb061c8874a86d84a202994b
E:\Project\falcor\Falcor,docs/research/captures/2026-09-09-1/shader-1816-Pixel.txt,present,HISTORICAL_OTHER_TREE,原工作树离线研究/文档,不是本实现树运行完成证据,F1,91f0260c5ddb7a98685d9129f1bf6d3746c25fcffd52c492703fdc76b7a62045
E:\Project\falcor\Falcor,docs/research/captures/2026-09-09-1/shader-1816-Vertex.txt,present,HISTORICAL_OTHER_TREE,原工作树离线研究/文档,不是本实现树运行完成证据,F1,41746c8d531ea4d57d59782f3e0e3518b2ce6884691851e3413842cf84d05eb3
E:\Project\falcor\Falcor,docs/research/captures/2026-09-09-1/shader-1853-Pixel.txt,present,HISTORICAL_OTHER_TREE,原工作树离线研究/文档,不是本实现树运行完成证据,F1,efb87c9dd322648d5df821217853c2c55df5fdbe145c80a08f894db4c776a43c
E:\Project\falcor\Falcor,docs/research/captures/2026-09-09-1/shader-1853-Vertex.txt,present,HISTORICAL_OTHER_TREE,原工作树离线研究/文档,不是本实现树运行完成证据,F1,5131b08fb58c99de19951694d3a551e00253913de41dcfb0dbd60bf981c25bac
E:\Project\falcor\Falcor,docs/research/captures/2026-09-09-1/shader-1920-Pixel.txt,present,HISTORICAL_OTHER_TREE,原工作树离线研究/文档,不是本实现树运行完成证据,F1,dbf3d8d583d803d745f4eae09cacc1b946c5c9ffc16b688d838c432b5cb16780
E:\Project\falcor\Falcor,docs/research/captures/2026-09-09-1/shader-1920-Vertex.txt,present,HISTORICAL_OTHER_TREE,原工作树离线研究/文档,不是本实现树运行完成证据,F1,05aa7722ea6df18c8df56382377d076b4855bca275adf7da81c05a9a5667fb03
E:\Project\falcor\Falcor,docs/research/captures/2026-09-09-1/shader-2655-Pixel.txt,present,HISTORICAL_OTHER_TREE,原工作树离线研究/文档,不是本实现树运行完成证据,F1,c4a958663f70f6271e05c254d25e372c88d3ef7e2d46a9b6d4e66e81662bdae8
E:\Project\falcor\Falcor,docs/research/captures/2026-09-09-1/shader-2655-Vertex.txt,present,HISTORICAL_OTHER_TREE,原工作树离线研究/文档,不是本实现树运行完成证据,F1,50b2745a3314aa82af49d4bf1f53d88a02afad54ed11ad347b66a62685e14c65
E:\Project\falcor\Falcor,docs/research/captures/2026-09-09-1/shader-3781-Compute.txt,present,HISTORICAL_OTHER_TREE,原工作树离线研究/文档,不是本实现树运行完成证据,F1,984463faf8a1f459635be2825b8dd8b618a3398fa5a806f5183b508acd076221
E:\Project\falcor\Falcor,docs/research/captures/2026-09-09-1/shader-4193-Pixel.txt,present,HISTORICAL_OTHER_TREE,原工作树离线研究/文档,不是本实现树运行完成证据,F1,7dbb6e33fc6611c90e71cc5ab00be40636a0057e45c43804584a96f1016cf016
E:\Project\falcor\Falcor,docs/research/captures/2026-09-09-1/shader-4193-Vertex.txt,present,HISTORICAL_OTHER_TREE,原工作树离线研究/文档,不是本实现树运行完成证据,F1,fee4c1bb7f408023a34cc53c3f8cab7c04a4a8743a402b7ec44184ed4e648c6b
E:\Project\falcor\Falcor,docs/research/captures/2026-09-09-1/textures.json,present,HISTORICAL_OTHER_TREE,原工作树离线研究/文档,不是本实现树运行完成证据,F1,ad27bec842130ab3eb1f76f8205cf5cd8946e173487ef1c5d1ec3d4cc39bd0f8
E:\Project\falcor\Falcor,docs/research/captures/2026-09-09-1/thumbnail.png,present,HISTORICAL_OTHER_TREE,原工作树离线研究/文档,不是本实现树运行完成证据,F1,701a969ef22c9046196ac2853a4d919adbc7fdbdbbdbf5a927e39f60a1028a4c
E:\Project\falcor\Falcor,docs/research/captures/2026-09-09-1/view-layout-evidence.json,present,HISTORICAL_OTHER_TREE,原工作树离线研究/文档,不是本实现树运行完成证据,F1,f71269664eb132dfcb85846fcc5c4f613f26b3a4b697c12f36e8e971c7045ec6
E:\Project\falcor\Falcor,docs/research/ue5-pc-deferred-renderer.md,present,HISTORICAL_OTHER_TREE,原工作树离线研究/文档,不是本实现树运行完成证据,F1,0b799737f03c23f47795ca9ae8bb38cee6c9bb5190c15bf3870be7c8c525bfb6
E:\Project\falcor\Falcor,docs/research/ue5-pc-deferred-source-evidence.json,present,HISTORICAL_OTHER_TREE,原工作树离线研究/文档,不是本实现树运行完成证据,F1,8a8080c0032d1b71a13dfc34a9b8c33e4ab2d3f805626e0bc44235954e06288f
E:\Project\falcor\Falcor,docs/superpowers/specs/2026-09-07-ue-legacy-renderer-skeleton-design.md,present,HISTORICAL_OTHER_TREE,原工作树离线研究/文档,不是本实现树运行完成证据,F1,3b662512db351337e2a4effe1fd05d8669ebf77e3d9108e556713c580290db5c
E:\Project\falcor\Falcor,findings.md,present,HISTORICAL_OTHER_TREE,原工作树离线研究/文档,不是本实现树运行完成证据,F1,5a854f4de6612092c1ebc104d1eaa57bf60bf1bc8a6cd7d51687477a0d7a1140
E:\Project\falcor\Falcor,progress.md,present,HISTORICAL_OTHER_TREE,原工作树离线研究/文档,不是本实现树运行完成证据,F1,2b68af8ca49aebf475c8f17c7f46cab3bd1e86b79c8a9d82c68df715a3d79875
E:\Project\falcor\Falcor,task_plan.md,present,HISTORICAL_OTHER_TREE,原工作树离线研究/文档,不是本实现树运行完成证据,F1,2b86ef8081122128125d46db8ad63117eda97640a1c1c12d5a2d0f48c6453229
